Ticker,Date,EPS Estimate,EPS Reported,Surprise%
AAPL,2026-01-29,2.67,2.84,6.367
GOOGL,2026-02-04,2.64,2.82,6.8182
GOOG,2026-02-04,2.64,2.82,6.8182
TSLA,2026-01-28,0.34,0.24,-29.4118
MSFT,2026-01-28,3.92,4.14,5.6122
NVDA,2026-02-25,1.54,1.62,5.1948
AMZN,2026-02-05,1.95,1.95,0.0
AVGO,2026-03-04,1.42,1.5,5.6338
META,2026-01-28,8.18,8.88,8.5575
MU,2026-03-18,9.16,12.2,33.1878
LLY,2026-02-04,6.91,7.54,9.1172
V,2026-01-29,3.14,3.17,0.9554
AMD,2026-02-03,1.32,1.53,15.9091
JPM,2026-01-13,4.82,4.63,-3.9419
XOM,2026-01-30,1.66,1.53,-7.8313
JNJ,2026-01-21,2.46,2.46,0.0
INTC,2026-01-22,-0.09,-0.12,-33.3333
WMT,2026-02-19,0.73,0.74,1.3699
CAT,2026-01-29,4.71,5.16,9.5541
NFLX,2026-01-20,0.55,0.56,1.8182
CSCO,2026-02-11,1.02,1.04,1.9608
ABBV,2026-02-04,2.87,1.02,-64.4599
COST,2026-03-05,4.55,4.58,0.6593
MA,2026-01-29,4.24,4.76,12.2642
UNH,2026-01-27,2.11,2.11,0.0
LRCX,2026-01-28,1.17,1.27,8.547
CVX,2026-01-30,1.44,1.52,5.5556
AMAT,2026-02-12,2.15,2.54,18.1395
GE,2026-01-22,1.43,1.57,9.7902
BAC,2026-01-14,0.95,0.98,3.1579
PG,2026-01-22,1.83,1.78,-2.7322
ORCL,2026-03-10,1.23,1.27,3.252
HD,2026-02-24,2.52,2.72,7.9365
KO,2026-02-10,0.54,0.53,-1.8519
PM,2026-02-06,1.7,1.7,0.0
GEV,2026-01-28,3.14,12.91,311.1465
GS,2026-01-15,11.76,14.01,19.1327
MRK,2026-02-03,2.01,2.04,1.4925
RTX,2026-01-27,1.47,1.55,5.4422
PLTR,2026-02-02,0.23,0.25,8.6957
TXN,2026-01-27,1.31,1.27,-3.0534
QCOM,2026-02-04,2.75,2.78,1.0909
KLAC,2026-01-29,8.8,8.85,0.5682
LIN,2026-02-05,4.18,4.2,0.4785
WFC,2026-01-14,1.67,1.62,-2.994
SNDK,2026-01-29,3.54,6.2,75.1412
IBM,2026-01-28,4.29,4.52,5.3613
ADI,2026-02-18,1.64,1.69,3.0488
MS,2026-01-15,2.42,2.68,10.7438
PEP,2026-02-03,2.24,2.26,0.8929
VZ,2026-01-30,1.06,1.09,2.8302
NEE,2026-01-27,0.53,0.54,1.8868
C,2026-01-14,1.62,1.24,-23.4568
BA,2026-01-27,-0.42,9.92,2461.9048
DIS,2026-02-02,1.58,1.63,3.1646
MCD,2026-02-11,3.05,3.12,2.2951
WDC,2026-01-29,1.93,2.13,10.3627
AMGN,2026-02-03,2.41,2.45,1.6598
TMO,2026-01-29,6.45,6.57,1.8605
T,2026-01-28,0.47,0.52,10.6383
PANW,2026-02-17,0.94,1.03,9.5745
TJX,2026-02-25,1.39,1.43,2.8777
AXP,2026-01-30,3.55,3.53,-0.5634
BLK,2026-01-15,12.19,13.16,7.9573
ETN,2026-02-03,3.32,3.33,0.3012
ISRG,2026-01-22,1.95,2.21,13.3333
GILD,2026-02-10,1.81,1.86,2.7624
GLW,2026-01-28,0.71,0.72,1.4085
UNP,2026-01-27,2.86,3.11,8.7413
SCHW,2026-01-21,1.39,1.39,0.0
UBER,2026-02-04,0.79,0.71,-10.1266
CRM,2026-02-25,3.05,3.81,24.918
PFE,2026-02-03,0.57,0.66,15.7895
MRVL,2026-03-05,0.79,0.8,1.2658
APH,2026-01-28,0.94,0.97,3.1915
WELL,2026-02-10,0.42,0.14,-66.6667
ABT,2026-01-22,1.49,1.5,0.6711
ANET,2026-02-12,0.69,0.75,8.6957
DE,2026-02-19,2.06,2.42,17.4757
PLD,2026-01-21,0.69,1.46,111.5942
BKNG,2026-02-18,1.95,1.95,0.0
COP,2026-02-05,1.09,1.02,-6.422
VRT,2026-02-11,1.3,1.36,4.6154
HON,2026-01-29,2.54,2.59,1.9685
CRWD,2026-03-03,1.1,1.12,1.8182
NEM,2026-02-19,2.11,1.19,-43.6019
CB,2026-02-03,6.78,7.52,10.9145
SPGI,2026-02-10,4.34,4.3,-0.9217
MO,2026-01-29,1.32,1.3,-1.5152
VRTX,2026-02-12,5.15,5.03,-2.3301
CVS,2026-02-10,1.0,1.09,9.0
LOW,2026-02-25,1.94,1.98,2.0619
PGR,2026-01-28,4.43,4.67,5.4176
SBUX,2026-01-28,0.57,0.26,-54.386
BMY,2026-02-05,1.2,1.26,5.0
PH,2026-01-29,7.17,7.65,6.6946
EQIX,2026-02-11,3.88,3.37,-13.1443
APP,2026-02-11,2.94,3.24,10.2041
COF,2026-01-22,4.14,3.86,-6.7633
HWM,2026-02-12,0.97,1.05,8.2474
PWR,2026-02-19,3.02,3.16,4.6358
CME,2026-02-04,2.74,2.77,1.0949
LMT,2026-01-29,5.96,5.8,-2.6846
TT,2026-01-29,2.78,2.64,-5.036
CMI,2026-02-05,5.08,5.81,14.3701
SYK,2026-01-29,4.4,4.47,1.5909
MDT,2026-02-17,1.34,1.36,1.4925
ACN,2026-03-19,2.83,2.93,3.5336
INTU,2026-02-26,3.68,4.15,12.7717
DHR,2026-01-28,2.19,2.23,1.8265
SO,2026-02-19,0.62,0.38,-38.7097
ADBE,2026-03-12,4.56,4.6,0.8772
FCX,2026-01-22,0.31,0.28,-9.6774
TMUS,2026-02-11,2.06,1.88,-8.7379
WMB,2026-02-10,0.56,0.55,-1.7857
BK,2026-01-13,1.9,2.02,6.3158
SNPS,2026-02-25,0.3,0.34,13.3333
CDNS,2026-02-17,1.91,1.99,4.1885
DUK,2026-02-10,1.49,1.5,0.6711
MCK,2026-02-04,9.27,9.34,0.7551
GD,2026-01-28,4.12,4.17,1.2136
NOW,2026-01-28,0.89,0.92,3.3708
ICE,2026-02-05,1.67,1.71,2.3952
JCI,2026-02-04,0.84,0.89,5.9524
BX,2026-01-29,1.54,1.75,13.6364
CMCSA,2026-01-29,0.76,0.84,10.5263
CEG,2026-02-24,2.43,1.38,-43.2099
ELV,2026-01-28,3.09,3.33,7.767
ADP,2026-01-28,2.57,2.62,1.9455
PNC,2026-01-16,4.23,4.88,15.3664
CSX,2026-01-22,0.41,0.39,-4.878
SLB,2026-01-23,0.74,0.78,5.4054
USB,2026-01-20,1.19,1.26,5.8824
CIEN,2026-03-05,1.17,1.35,15.3846
AMT,2026-02-24,1.47,1.75,19.0476
WM,2026-01-28,1.93,1.83,-5.1813
MMM,2026-01-20,1.8,1.83,1.6667
MAR,2026-02-10,2.62,2.58,-1.5267
MDLZ,2026-02-03,0.7,0.72,2.8571
EMR,2026-02-03,1.41,1.46,3.5461
CI,2026-02-05,7.88,8.08,2.5381
BSX,2026-02-04,0.78,0.8,2.5641
FDX,2026-03-19,4.18,5.25,25.5981
MRSH,2026-01-29,1.97,2.12,7.6142
DELL,2026-02-26,3.51,3.89,10.8262
ORLY,2026-02-04,0.72,0.71,-1.3889
NOC,2026-01-27,6.96,7.23,3.8793
VLO,2026-01-29,3.27,3.82,16.8196
MPWR,2026-02-05,4.74,4.79,1.0549
MPC,2026-02-03,2.71,4.07,50.1845
REGN,2026-01-30,10.75,11.44,6.4186
EOG,2026-02-24,2.2,2.27,3.1818
CRH,2026-02-18,1.53,1.51,-1.3072
ITW,2026-02-03,2.69,2.72,1.1152
LITE,2026-02-03,1.41,1.67,18.4397
CL,2026-01-30,0.91,0.95,4.3956
FTNT,2026-02-05,0.74,0.81,9.4595
UPS,2026-01-27,2.2,2.38,8.1818
HLT,2026-02-11,2.02,2.08,2.9703
FIX,2026-02-19,6.75,9.37,38.8148
SHW,2026-01-29,2.16,2.23,3.2407
HCA,2026-01-27,7.42,8.14,9.7035
NSC,2026-01-29,2.76,3.22,16.6667
PSX,2026-02-04,2.15,2.47,14.8837
GM,2026-01-27,1.75,-3.6,-305.7143
COHR,2026-02-04,1.21,1.29,6.6116
MCO,2026-02-18,3.44,3.64,5.814
AEP,2026-02-12,1.15,1.19,3.4783
RCL,2026-01-29,2.8,2.8,0.0
APD,2026-01-30,3.04,3.16,3.9474
MSI,2026-02-11,4.35,4.59,5.5172
KKR,2026-02-05,1.14,1.12,-1.7544
SPOT,2026-02-10,2.84,4.43,55.9859
TDG,2026-02-03,8.04,8.23,2.3632
DLR,2026-02-05,0.39,0.4,2.5641
ROST,2026-03-03,1.9,2.0,5.2632
AON,2026-01-30,4.43,7.82,76.5237
SPG,2026-02-02,1.97,1.04,-47.2081
KMI,2026-01-21,0.36,0.45,25.0
BE,2026-02-05,0.3,0.45,50.0
DDOG,2026-02-10,0.55,0.59,7.2727
WBD,2026-02-26,-0.03,-0.1,-233.3333
TRV,2026-01-21,8.92,11.06,23.991
BKR,2026-01-25,0.67,0.88,31.3433
ECL,2026-02-10,2.07,2.08,0.4831
KEYS,2026-02-23,2.0,2.17,8.5
RKLB,2026-02-26,-0.05,-0.05,0.0
URI,2026-01-28,11.8,11.09,-6.0169
SRE,2026-02-26,1.69,0.54,-68.0473
TFC,2026-01-21,1.09,1.12,2.7523
NET,2026-02-10,0.27,0.28,3.7037
HOOD,2026-02-10,0.68,0.73,7.3529
MNST,2026-02-26,0.49,0.5,2.0408
PCAR,2026-01-27,1.06,1.06,0.0
ALL,2026-02-04,10.21,14.37,40.7444
LHX,2026-01-29,2.76,2.86,3.6232
AZO,2026-03-03,27.41,27.63,0.8026
TER,2026-02-02,1.38,1.8,30.4348
CTVA,2026-02-03,0.16,-0.82,-612.5
CTAS,2026-03-25,1.24,1.24,0.0
O,2026-02-24,0.38,0.32,-15.7895
TRGP,2026-02-19,2.4,2.69,12.0833
OKE,2026-02-23,1.49,1.55,4.0268
ABNB,2026-02-12,0.66,0.56,-15.1515
D,2026-02-23,0.67,0.68,1.4925
DASH,2026-02-18,0.58,0.48,-17.2414
TGT,2026-03-03,2.16,2.44,12.963
GWW,2026-02-03,9.46,9.44,-0.2114
APO,2026-02-09,2.04,2.47,21.0784
AFL,2026-02-04,1.66,2.64,59.0361
MSTR,2026-02-05,-20.99,-42.93,-104.526
DVN,2026-02-17,0.83,0.82,-1.2048
CARR,2026-02-05,0.36,0.34,-5.5556
MCHP,2026-02-05,0.43,0.44,2.3256
NUE,2026-01-26,1.81,1.73,-4.4199
AME,2026-02-03,1.72,1.73,0.5814
AU,2026-02-20,1.94,1.9,-2.0619
F,2026-02-10,-3.38,-2.77,18.0473
FLEX,2026-02-04,0.79,0.87,10.1266
ROK,2026-02-05,2.3,2.69,16.9565
ADSK,2026-02-26,2.64,2.85,7.9545
EBAY,2026-02-18,1.35,1.41,4.4444
SNOW,2026-02-25,0.27,0.32,18.5185
EA,2026-02-03,1.48,0.35,-76.3514
LNG,2026-02-26,3.87,2.59,-33.0749
ETR,2026-02-12,0.52,0.51,-1.9231
FAST,2026-01-20,0.26,0.26,0.0
NKE,2026-03-31,0.28,0.35,25.0
DAL,2026-01-13,1.55,1.55,0.0
COR,2026-02-04,4.04,4.08,0.9901
XEL,2026-02-05,0.96,0.96,0.0
CVNA,2026-02-18,0.22,0.84,281.8182
VST,2026-02-27,2.3,0.54,-76.5217
AJG,2026-01-29,2.35,2.38,1.2766
PSA,2026-02-12,2.49,2.61,4.8193
EW,2026-02-10,0.62,0.58,-6.4516
ON,2026-02-09,0.59,0.45,-23.7288
FERG,2026-02-24,2.09,2.1,0.4785
COIN,2026-02-12,0.62,-2.49,-501.6129
EXC,2026-02-12,0.58,0.58,0.0
CAH,2026-02-05,1.92,1.97,2.6042
MET,2026-02-04,2.34,2.49,6.4103
WAB,2026-02-11,2.08,2.1,0.9615
NU,2026-02-25,0.18,0.18,0.0
AMP,2026-01-29,10.31,10.83,5.0436
CMG,2026-02-03,0.24,0.25,4.1667
VTR,2026-02-05,0.09,0.13,44.4444
FITB,2026-01-20,1.01,1.08,6.9307
IDXX,2026-02-02,2.94,3.08,4.7619
HPE,2026-03-09,0.21,0.31,47.619
STT,2026-01-16,2.45,2.42,-1.2245
YUM,2026-02-04,1.76,1.73,-1.7045
PYPL,2026-02-03,1.29,1.23,-4.6512
RSG,2026-02-17,1.63,1.76,7.9755
MSCI,2026-01-28,4.59,4.66,1.5251
BDX,2026-02-09,2.8,2.91,3.9286
EME,2026-02-26,6.68,7.19,7.6347
AIG,2026-02-10,1.9,1.96,3.1579
TTWO,2026-02-03,0.83,1.23,48.1928
NDAQ,2026-01-29,0.92,0.96,4.3478
CBRE,2026-02-12,2.68,2.73,1.8657
ADM,2026-02-03,0.8,0.87,8.75
PEG,2026-02-26,0.59,0.63,6.7797
CCI,2026-02-04,0.58,0.63,8.6207
FANG,2026-02-23,2.0,1.74,-13.0
OXY,2026-02-18,0.18,0.31,72.2222
CBOE,2026-02-06,2.95,3.06,3.7288
ED,2026-02-19,0.86,0.89,3.4884
KR,2026-03-05,1.2,1.28,6.6667
XYZ,2026-02-26,0.59,0.19,-67.7966
GRMN,2026-02-18,2.39,2.79,16.7364
IRM,2026-02-12,0.59,0.61,3.3898
HUM,2026-02-11,-4.04,-6.61,-63.6139
HIG,2026-01-29,3.22,4.06,26.087
WEC,2026-02-05,1.39,1.42,2.1583
KDP,2026-02-24,0.54,0.26,-51.8519
JBL,2026-03-18,1.72,2.08,20.9302
ALNY,2026-02-12,1.5,1.25,-16.6667
DHI,2026-01-20,1.92,2.03,5.7292
HAL,2026-01-21,0.55,0.69,25.4545
VMC,2026-02-17,2.11,1.7,-19.4313
SYY,2026-01-27,0.98,0.99,1.0204
PRU,2026-02-03,3.36,3.3,-1.7857
PCG,2026-02-12,0.39,0.29,-25.641
IBKR,2026-01-20,0.59,0.65,10.1695
ODFL,2026-02-04,1.06,1.09,2.8302
Q,2026-02-26,0.64,0.82,28.125
STLD,2026-01-26,1.69,1.82,7.6923
MLM,2026-02-11,4.98,4.62,-7.2289
CASY,2026-03-09,2.99,3.49,16.7224
EQT,2026-02-17,0.76,0.9,18.4211
ACGL,2026-02-09,2.57,2.98,15.9533
ROP,2026-01-27,3.63,3.97,9.3664
KVUE,2026-02-17,0.15,0.17,13.3333
ZTS,2026-02-12,1.4,1.48,5.7143
NTRS,2026-01-22,2.37,2.42,2.1097
A,2026-02-25,1.24,1.07,-13.7097
WAT,2026-02-09,4.51,4.53,0.4435
MTB,2026-01-16,4.47,4.67,4.4743
KMB,2026-01-27,1.81,1.86,2.7624
CCL,2026-03-27,0.18,0.2,11.1111
UAL,2026-01-20,2.94,3.1,5.4422
VICI,2026-02-25,0.69,0.57,-17.3913
CRDO,2026-03-02,0.94,1.07,13.8298
BIIB,2026-02-06,1.62,1.99,22.8395
TDY,2026-01-21,5.0,5.84,16.8
DOV,2026-01-29,2.49,2.51,0.8032
RMD,2026-01-29,2.72,2.81,3.3088
EXR,2026-02-19,1.15,1.36,18.2609
HBAN,2026-01-22,0.38,0.37,-2.6316
DTE,2026-02-17,1.52,1.65,8.5526
ALAB,2026-02-10,0.51,0.58,13.7255
PAYX,2026-03-25,1.67,1.71,2.3952
CPRT,2026-02-19,0.39,0.36,-7.6923
IQV,2026-02-05,3.4,3.42,0.5882
AEE,2026-02-11,0.69,0.92,33.3333
FTI,2026-02-19,0.52,0.7,34.6154
CNC,2026-02-06,-1.22,-1.19,2.459
OTIS,2026-01-28,1.03,1.03,0.0
ATO,2026-02-03,2.44,2.44,0.0
IR,2026-02-12,0.9,0.96,6.6667
GEHC,2026-02-04,1.4,1.44,2.8571
CW,2026-02-11,3.69,3.79,2.71
CNP,2026-02-19,0.45,0.45,0.0
HSY,2026-02-05,1.4,1.71,22.1429
AXON,2026-02-24,1.6,2.15,34.375
FISV,2026-02-10,1.9,1.99,4.7368
NVT,2026-02-06,0.9,0.9,0.0
ZM,2026-02-25,0.85,2.22,161.1765
RJF,2026-01-28,2.83,2.86,1.0601
RVMD,2026-02-25,-1.58,-1.86,-17.7215
FTAI,2026-02-25,1.24,1.08,-12.9032
DOW,2026-01-29,-0.51,-0.34,33.3333
TWLO,2026-02-12,1.23,1.33,8.1301
TPR,2026-02-05,2.22,2.68,20.7207
EIX,2026-02-18,1.45,1.87,28.9655
P,2026-02-25,0.64,0.69,7.8125
XYL,2026-02-10,1.13,1.37,21.2389
CFG,2026-01-21,1.11,1.13,1.8018
PPL,2026-02-20,0.42,0.41,-2.381
MTZ,2026-02-26,1.95,2.07,6.1538
NRG,2026-02-24,0.89,1.04,16.8539
AVB,2026-02-04,1.24,1.16,-6.4516
LYV,2026-02-19,-1.05,-1.06,-0.9524
STRL,2026-02-25,2.63,3.08,17.1103
RBLX,2026-02-05,-0.49,-0.45,8.1633
HUBB,2026-02-03,4.72,4.73,0.2119
EXPE,2026-02-12,3.37,3.78,12.1662
NTRA,2026-02-26,-0.53,0.36,167.9245
ES,2026-02-12,1.05,1.12,6.6667
MTSI,2026-02-05,1.0,1.02,2.0
QSR,2026-02-12,0.95,0.96,1.0526
EQR,2026-02-05,0.38,0.28,-26.3158
FICO,2026-01-28,7.08,7.33,3.5311
WDAY,2026-02-24,2.32,2.47,6.4655
VRSN,2026-02-05,2.28,2.23,-2.193
INSM,2026-02-19,-1.17,-1.54,-31.6239
UTHR,2026-02-25,7.24,7.7,6.3536
AWK,2026-02-18,1.27,1.24,-2.3622
CINF,2026-02-09,2.89,3.37,16.609
VLTO,2026-02-03,0.98,1.04,6.1224
ENTG,2026-02-10,0.66,0.7,6.0606
CRS,2026-01-29,2.22,2.33,4.955
DD,2026-02-10,0.43,0.46,6.9767
DGX,2026-02-10,2.04,2.18,6.8627
MKSI,2026-02-17,2.46,2.47,0.4065
LH,2026-02-17,3.94,4.07,3.2995
EXE,2026-02-17,1.86,2.3,23.6559
SW,2026-02-11,0.5,0.28,-44.0
STE,2026-02-04,2.53,2.53,0.0
MTD,2026-02-05,12.81,13.36,4.2935
EXPD,2026-02-24,1.46,1.49,2.0548
WSM,2026-03-18,2.9,3.04,4.8276
RGLD,2026-02-18,2.64,1.92,-27.2727
RPRX,2026-02-11,1.33,1.47,10.5263
CPNG,2026-02-26,0.05,-0.01,-120.0
FFIV,2026-01-27,3.65,4.45,21.9178
RDDT,2026-02-05,1.45,1.68,15.8621
CF,2026-02-18,2.47,3.06,23.8866
EL,2026-02-05,0.83,0.89,7.2289
VTRS,2026-02-26,0.53,0.57,7.5472
CDE,2026-02-18,0.33,0.35,6.0606
HPQ,2026-02-24,0.77,0.81,5.1948
STZ,2026-01-07,2.64,2.88,9.0909
RS,2026-02-18,2.82,2.4,-14.8936
IFF,2026-02-11,0.83,0.8,-3.6145
NXT,2026-01-27,0.94,1.1,17.0213
KHC,2026-02-11,0.61,0.67,9.8361
KEY,2026-01-20,0.39,0.41,5.1282
EFX,2026-02-04,2.05,2.09,1.9512
FWONK,2026-02-26,0.36,0.38,5.5556
PKG,2026-01-27,2.41,2.32,-3.7344
CHRW,2026-01-28,1.13,1.23,8.8496
LYB,2026-01-30,0.25,-0.26,-204.0
RBC,2026-02-05,2.86,3.04,6.2937
FTV,2026-02-04,0.84,0.9,7.1429
EVRG,2026-02-19,0.55,0.42,-23.6364
TSN,2026-02-02,0.94,0.97,3.1915
RBA,2026-02-17,0.99,1.11,12.1212
USFD,2026-02-12,0.82,0.82,0.0
SITM,2026-02-04,1.21,1.53,26.4463
SNA,2026-02-05,4.92,4.94,0.4065
SOFI,2026-01-30,0.11,0.12,9.0909
BWXT,2026-02-23,0.88,1.08,22.7273
MRNA,2026-02-13,-2.64,-2.11,20.0758
LUV,2026-01-28,0.57,0.58,1.7544
IONQ,2026-02-25,-0.47,1.93,510.6383
BAM,2026-02-04,0.44,0.47,6.8182
JBHT,2026-01-15,1.82,1.9,4.3956
BURL,2026-03-05,4.75,4.89,2.9474
LNT,2026-02-19,0.58,0.6,3.4483
SATS,2026-03-02,-0.65,-0.37,43.0769
SNX,2026-01-08,2.86,3.04,6.2937
GIS,2026-03-18,0.73,0.64,-12.3288
TTMI,2026-02-04,0.68,0.7,2.9412
AFRM,2026-02-05,0.84,0.72,-14.2857
AMCR,2026-02-03,0.84,0.86,2.381
INVH,2026-02-18,0.16,0.15,-6.25
AA,2026-01-22,1.01,1.26,24.7525
ESS,2026-02-04,1.47,1.25,-14.966
LEN,2026-03-12,0.95,0.88,-7.3684
FCNCA,2026-01-23,43.79,51.27,17.0815
ITT,2026-02-05,1.78,1.85,3.9326
BR,2026-02-03,1.36,1.59,16.9118
IP,2026-01-29,0.26,-4.52,-1838.4615
WY,2026-01-29,-0.13,-0.09,30.7692
THC,2026-02-11,4.07,4.7,15.4791
LSCC,2026-02-10,0.32,0.32,0.0
WCC,2026-02-10,3.89,3.4,-12.5964
ASTS,2026-03-02,-0.2,-0.26,-30.0
PTC,2026-02-04,1.56,1.92,23.0769
BG,2026-02-04,1.82,1.99,9.3407
OVV,2026-02-23,1.01,1.39,37.6238
TXT,2026-01-28,1.5,1.33,-11.3333
EWBC,2026-01-22,2.5,2.52,0.8
DLTR,2026-03-16,2.53,2.56,1.1858
ROKU,2026-02-12,0.28,0.53,89.2857
SCCO,2026-01-28,1.51,1.55,2.649
IEX,2026-02-04,2.04,2.1,2.9412
SMCI,2026-02-03,0.49,0.69,40.8163
ZBH,2026-02-10,2.4,2.42,0.8333
LII,2026-01-28,4.72,4.45,-5.7203
WPC,2026-02-10,0.67,0.66,-1.4925
GPN,2026-02-18,3.16,3.18,0.6329
APG,2026-02-25,0.41,0.44,7.3171
LVS,2026-01-28,0.77,0.85,10.3896
ROL,2026-02-11,0.27,0.25,-7.4074
INCY,2026-02-10,1.51,1.46,-3.3113
LDOS,2026-02-17,2.61,2.76,5.7471
TLN,2026-02-26,2.66,-7.75,-391.3534
NLY,2026-01-28,0.73,0.74,1.3699
BRO,2026-01-26,0.9,0.93,3.3333
KIM,2026-02-12,0.19,0.19,0.0
GNRC,2026-02-11,1.77,1.61,-9.0395
TSCO,2026-01-29,0.46,0.43,-6.5217
NBIX,2026-02-11,2.3,1.88,-18.2609
BALL,2026-02-03,0.9,0.91,1.1111
NVR,2026-01-28,105.9,121.54,14.7686
PFGC,2026-02-04,1.09,0.98,-10.0917
HST,2026-02-18,0.19,0.2,5.2632
MLI,2026-02-03,1.67,1.31,-21.5569
SUI,2026-02-24,0.42,1.12,166.6667
NDSN,2026-02-18,2.37,2.37,0.0
MAA,2026-02-04,0.9,0.92,2.2222
CLH,2026-02-18,1.6,1.73,8.125
FLUT,2026-02-26,0.7,-0.05,-107.1429
AAOI,2026-02-26,-0.11,-0.01,90.9091
ZS,2026-02-26,0.9,1.01,12.2222
MOD,2026-02-04,0.99,1.19,20.202
CSL,2026-02-03,3.58,3.9,8.9385
WRB,2026-01-26,1.12,1.13,0.8929
RMBS,2026-02-02,0.68,0.68,0.0
LECO,2026-02-12,2.54,2.65,4.3307
EG,2026-02-04,13.83,13.26,-4.1215
DTM,2026-02-19,1.15,1.08,-6.087
JLL,2026-02-18,7.36,8.71,18.3424
WSO,2026-02-17,1.89,1.68,-11.1111
PR,2026-02-25,0.27,0.37,37.037
CRCL,2026-02-25,0.25,0.56,124.0
JAZZ,2026-02-24,6.51,6.64,1.9969
SOLS,2026-02-11,0.36,0.26,-27.7778
VIK,2026-03-03,0.55,0.67,21.8182
PNFP,2026-01-21,2.26,2.24,-0.885
MAS,2026-02-10,0.79,0.82,3.7975
BWA,2026-02-11,1.19,1.35,13.4454
DKS,2026-03-12,2.38,1.41,-40.7563
FOXA,2026-02-04,0.52,0.82,57.6923
UNM,2026-02-05,2.11,1.92,-9.0047
ONTO,2026-02-19,1.26,1.26,0.0
REG,2026-02-05,0.58,1.09,87.931
EXEL,2026-02-10,0.81,0.94,16.0494
SSNC,2026-02-05,0.93,0.77,-17.2043
GPC,2026-02-17,1.71,-4.39,-356.7251
RGA,2026-02-05,5.75,7.75,34.7826
DOC,2026-02-02,0.06,0.1,66.6667
TEAM,2026-02-05,-0.17,-0.16,5.8824
CSGP,2026-02-24,0.27,0.31,14.8148
RRX,2026-02-04,2.48,2.51,1.2097
DECK,2026-01-29,2.77,3.33,20.2166
OHI,2026-02-04,0.5,0.53,6.0
SMTC,2026-03-16,0.43,0.44,2.3256
TRMB,2026-02-10,0.96,1.0,4.1667
ARMK,2026-02-10,0.51,0.51,0.0
RKT,2026-02-26,0.09,0.11,22.2222
TYL,2026-02-11,2.73,2.64,-3.2967
HL,2026-02-17,0.14,0.2,42.8571
DY,2026-03-04,1.78,2.03,14.0449
HAS,2026-02-10,0.95,1.51,58.9474
RNR,2026-02-03,10.41,13.34,28.146
CDW,2026-02-04,2.44,2.57,5.3279
APA,2026-02-25,0.64,0.91,42.1875
HII,2026-02-05,3.89,4.04,3.856
CG,2026-02-06,0.99,1.01,2.0202
TRU,2026-02-12,1.03,1.07,3.8835
J,2026-02-03,1.2,1.12,-6.6667
TOL,2026-02-17,2.11,2.19,3.7915
SGI,2026-02-17,0.72,0.72,0.0
LAMR,2026-02-20,1.57,1.5,-4.4586
RL,2026-02-05,5.81,6.22,7.0568
TW,2026-02-05,0.84,0.87,3.5714
AEIS,2026-02-10,1.78,1.94,8.9888
TKO,2026-02-25,0.22,-0.03,-113.6364
NYT,2026-02-04,0.88,0.89,1.1364
GGG,2026-01-26,0.76,0.77,1.3158
OKTA,2026-03-04,0.85,0.9,5.8824
GL,2026-02-04,3.4,3.29,-3.2353
LULU,2026-03-17,4.78,5.01,4.8117
GEN,2026-02-05,0.63,0.64,1.5873
GLPI,2026-02-19,0.75,0.94,25.3333
MDLN,2026-02-25,0.24,0.38,58.3333
RPM,2026-01-08,1.41,1.2,-14.8936
AIZ,2026-02-10,5.43,4.41,-18.7845
ZBRA,2026-02-12,4.33,4.33,0.0
BJ,2026-03-05,0.93,0.96,3.2258
EVR,2026-02-04,4.05,5.13,26.6667
SANM,2026-01-26,2.15,2.38,10.6977
VIAV,2026-01-28,0.19,0.22,15.7895
ROIV,2026-02-06,-0.31,-0.24,22.5806
UDR,2026-02-09,0.16,0.67,318.75
PEN,2026-02-25,1.07,1.2,12.1495
PNR,2026-02-03,1.16,1.18,1.7241
AVY,2026-02-04,2.39,2.45,2.5105
TXRH,2026-02-19,1.5,1.28,-14.6667
HEI,2026-02-25,1.29,1.35,4.6512
AIT,2026-01-27,2.49,2.51,0.8032
FNF,2026-02-19,1.5,1.41,-6.0
IONS,2026-02-25,-1.22,-1.15,5.7377
ELS,2026-01-28,0.51,0.5,-1.9608
DOCN,2026-02-24,0.38,0.44,15.7895
CHTR,2026-01-30,9.73,10.42,7.0915
PNW,2026-02-25,0.02,0.13,550.0
COO,2026-03-05,1.03,1.1,6.7961
AGNC,2026-01-26,0.45,0.83,84.4444
GH,2026-02-19,-0.47,-0.5,-6.383
DKNG,2026-02-12,0.41,0.36,-12.1951
SWK,2026-02-04,1.28,1.41,10.1562
WBS,2026-01-23,1.53,1.59,3.9216
APTV,2026-02-02,1.86,1.86,0.0
FIVE,2026-03-18,4.0,4.31,7.75
CCK,2026-02-04,1.7,1.74,2.3529
GDDY,2026-02-24,2.22,2.3,3.6036
EQH,2026-02-04,1.75,1.73,-1.1429
FHN,2026-01-15,0.46,0.52,13.0435
BLD,2026-02-26,4.54,4.5,-0.8811
MKC,2026-01-22,0.88,0.84,-4.5455
CPT,2026-02-05,0.28,0.39,39.2857
SAIA,2026-02-10,1.91,1.77,-7.3298
RVTY,2026-02-02,0.85,0.87,2.3529
PINS,2026-02-12,0.67,0.67,0.0
SF,2026-01-28,1.67,1.75,4.7904
ARW,2026-02-05,3.57,4.39,22.9692
CACI,2026-01-21,6.5,6.81,4.7692
LFUS,2026-01-28,2.53,2.69,6.3241
CLX,2026-02-03,1.43,1.39,-2.7972
QXO,2026-02-25,0.02,0.02,0.0
ALLY,2026-01-21,1.02,1.09,6.8627
ALGN,2026-02-04,2.97,3.29,10.7744
ALLE,2026-02-17,1.98,1.94,-2.0202
SCI,2026-02-11,1.14,1.14,0.0
DINO,2026-02-18,0.45,1.2,166.6667
NTNX,2026-02-25,0.44,0.56,27.2727
RIVN,2026-02-12,-0.67,-0.53,20.8955
BBIO,2026-02-24,-0.62,-0.94,-51.6129
BBY,2026-03-03,2.47,2.61,5.668
SOLV,2026-02-26,0.69,0.36,-47.8261
EGP,2026-02-04,1.3,1.27,-2.3077
CGNX,2026-02-11,0.22,0.27,22.7273
PL,2026-03-19,-0.05,0.0,100.0
EHC,2026-02-05,1.3,1.46,12.3077
IVZ,2026-01-27,0.58,0.62,6.8966
ELAN,2026-02-24,0.12,0.13,8.3333
VMI,2026-02-17,4.97,4.92,-1.006
GWRE,2026-03-05,0.77,1.17,51.9481
ALSN,2026-02-23,1.46,1.42,-2.7397
JKHY,2026-02-03,1.42,1.66,16.9014
AR,2026-02-11,0.52,0.43,-17.3077
PODD,2026-02-18,1.46,1.55,6.1644
AGX,2026-03-26,1.98,3.47,75.2525
HUT,2026-02-25,-0.09,-2.12,-2255.5556
AMH,2026-02-19,0.22,0.34,54.5455
SWKS,2026-02-03,0.73,0.53,-27.3973
MOH,2026-02-05,0.33,-2.75,-933.3333
NWSA,2026-02-05,0.37,0.4,8.1081
SJM,2026-02-26,2.26,2.38,5.3097
WTRG,2026-02-25,0.4,0.47,17.5
DT,2026-02-09,0.41,0.44,7.3171
MUSA,2026-02-04,6.9,7.88,14.2029
AUR,2026-02-11,-0.12,-0.08,33.3333
TOST,2026-02-12,0.24,0.27,12.5
ARWR,2026-02-05,-0.37,0.22,159.4595
OC,2026-02-25,1.36,1.1,-19.1176
IT,2026-02-03,3.2,3.36,5.0
AES,2026-03-02,0.61,0.81,32.7869
DCI,2026-02-26,0.89,0.83,-6.7416
WMS,2026-02-05,1.1,1.27,15.4545
DAR,2026-02-11,0.37,0.35,-5.4054
ENSG,2026-02-04,1.77,1.82,2.8249
FORM,2026-02-04,0.35,0.46,31.4286
AXSM,2026-02-23,-0.73,-0.56,23.2877
BMRN,2026-02-23,0.42,-0.24,-157.1429
DPZ,2026-02-23,5.38,5.35,-0.5576
OGE,2026-02-18,0.32,0.33,3.125
RRC,2026-02-24,0.73,0.82,12.3288
ESI,2026-02-17,0.36,0.37,2.7778
LUMN,2026-02-03,-0.27,0.23,185.1852
CTRE,2026-02-12,0.38,0.36,-5.2632
BPOP,2026-01-27,3.04,3.4,11.8421
MEDP,2026-02-09,4.23,4.67,10.4019
SPXC,2026-02-24,1.87,1.88,0.5348
FRT,2026-02-12,0.76,1.56,105.2632
KTOS,2026-02-23,0.15,0.18,20.0
CNH,2026-02-17,0.11,0.19,72.7273
KNX,2026-01-21,0.35,0.31,-11.4286
R,2026-02-11,3.57,3.59,0.5602
WTFC,2026-01-20,2.93,3.15,7.5085
GTLS,2026-02-27,2.81,1.02,-63.7011
CYTK,2026-02-24,-1.37,-1.5,-9.4891
ACM,2026-02-09,1.16,1.29,11.2069
AHR,2026-02-26,0.15,0.14,-6.6667
CR,2026-01-26,1.41,1.53,8.5106
AMKR,2026-02-09,0.44,0.69,56.8182
GFS,2026-02-11,0.47,0.55,17.0213
SSB,2026-01-22,2.28,2.47,8.3333
SEIC,2026-01-28,1.35,1.38,2.2222
UMBF,2026-01-27,2.47,2.74,10.9312
TTD,2026-02-25,0.58,0.59,1.7241
UHS,2026-02-25,5.89,7.06,19.8642
CNM,2026-03-24,0.33,0.37,12.1212
MP,2026-02-26,0.02,0.09,350.0
VNOM,2026-02-23,0.31,0.31,0.0
DOCU,2026-03-17,0.95,1.01,6.3158
BXP,2026-01-27,0.3,1.56,420.0
GME,2026-06-09,0.37,0.49,32.4324
HUBS,2026-02-11,2.99,3.09,3.3445
ORI,2026-01-22,0.89,0.82,-7.8652
AYI,2026-01-08,4.59,4.69,2.1786
FCFS,2026-02-05,2.53,2.64,4.3478
CRUS,2026-02-03,2.44,2.97,21.7213
TTC,2026-03-05,0.65,0.74,13.8462
FOX,2026-02-04,0.54,0.82,51.8519
AAON,2026-03-02,0.46,0.39,-15.2174
ENS,2026-02-04,2.72,2.77,1.8382
PRI,2026-02-11,5.68,6.13,7.9225
FLS,2026-02-05,0.94,1.11,18.0851
BAX,2026-02-12,0.54,0.44,-18.5185
MDGL,2026-02-19,-0.88,-2.57,-192.0455
BRX,2026-02-09,0.23,0.25,8.6957
EMN,2026-01-29,0.72,0.75,4.1667
RBRK,2026-03-12,-0.11,0.04,136.3636
AFG,2026-02-03,3.32,3.65,9.9398
CUBE,2026-02-26,0.37,0.34,-8.1081
PRAX,2026-02-19,-3.13,-3.5,-11.8211
U,2026-02-11,-0.21,-0.21,0.0
SFM,2026-02-19,0.89,0.92,3.3708
COLB,2026-01-22,0.72,0.82,13.8889
BAH,2026-01-23,1.29,1.77,37.2093
SN,2026-02-11,1.81,1.93,6.6298
SNEX,2026-02-04,1.32,1.67,26.5152
ZION,2026-01-20,1.57,1.76,12.1019
MTCH,2026-02-03,0.71,0.83,16.9014
IOT,2026-03-05,0.13,0.18,38.4615
KEX,2026-01-29,1.63,1.68,3.0675
HALO,2026-02-17,2.2,-0.24,-110.9091
BEN,2026-01-30,0.37,0.46,24.3243
RIOT,2026-03-02,-0.39,-1.88,-382.0513
TIGO,2026-02-26,0.74,1.51,104.0541
OKLO,2026-03-17,-0.17,-0.27,-58.8235
REXR,2026-02-04,0.19,0.29,52.6316
AMG,2026-02-12,8.84,9.48,7.2398
GMED,2026-02-24,0.96,1.03,7.2917
CRL,2026-02-18,2.35,2.39,1.7021
POWL,2026-02-03,1.01,1.13,11.8812
TECH,2026-02-04,0.43,0.46,6.9767
HQY,2026-03-17,0.9,0.95,5.5556
IDCC,2026-02-05,1.78,2.12,19.1011
JXN,2026-02-18,5.86,6.61,12.7986
MOS,2026-02-24,0.44,0.22,-50.0
XP,2026-02-12,2.5,2.56,2.4
AGCO,2026-02-05,1.86,2.17,16.6667
INGR,2026-02-03,2.61,2.53,-3.0651
UGI,2026-02-04,1.26,1.26,0.0
PAYC,2026-02-11,2.45,2.45,0.0
LKQ,2026-02-19,0.65,0.59,-9.2308
MIDD,2026-02-26,2.26,2.42,7.0796
TEX,2026-02-11,1.0,0.95,-5.0
AVT,2026-01-28,0.95,1.05,10.5263
MTDR,2026-02-24,0.76,0.87,14.4737
NCLH,2026-03-02,0.27,0.28,3.7037
KGS,2026-02-25,0.53,0.35,-33.9623
RAL,2026-02-04,0.66,0.69,4.5455
CART,2026-02-12,0.51,0.3,-41.1765
CIFR,2026-02-24,0.07,-0.14,-300.0
SSRM,2026-02-17,0.58,0.88,51.7241
PCVX,2026-02-24,-1.5,-1.8,-20.0
FAF,2026-02-11,1.43,1.99,39.1608
DOX,2026-02-03,1.76,1.81,2.8409
LNTH,2026-02-26,1.17,1.67,42.735
AOS,2026-01-29,0.84,0.9,7.1429
CWAN,2026-02-18,-0.04,-0.04,0.0
SLAB,2026-02-04,0.55,0.56,1.8182
EXP,2026-01-29,3.35,3.22,-3.8806
CE,2026-02-17,0.88,0.17,-80.6818
JHG,2026-01-30,1.19,2.01,68.9076
QGEN,2026-02-04,0.62,0.62,0.0
THG,2026-02-03,5.03,5.79,15.1093
HR,2026-02-12,-0.03,-0.03,0.0
CAG,2026-04-01,0.41,0.42,2.439
CBSH,2026-01-22,1.0,1.01,1.0
CORZ,2026-03-02,-0.16,0.42,362.5
LAD,2026-02-11,8.1,6.74,-16.7901
KNSL,2026-02-12,5.31,5.81,9.4162
NE,2026-02-11,0.15,0.09,-40.0
AROC,2026-02-24,0.41,0.69,68.2927
JBTM,2026-02-23,1.93,1.98,2.5907
JOBY,2026-02-25,-0.21,-0.14,33.3333
Z,2026-02-10,0.41,0.39,-4.878
TGTX,2026-02-26,0.33,0.14,-57.5758
IESC,2026-01-30,3.94,4.51,14.467
MSA,2026-02-11,2.26,2.38,5.3097
CHE,2026-02-25,7.03,6.42,-8.6771
TFX,2026-02-26,3.75,1.93,-48.5333
AXTA,2026-02-10,0.6,0.59,-1.6667
OMF,2026-02-05,1.54,1.59,3.2468
TRNO,2026-02-04,0.51,0.46,-9.8039
RHP,2026-02-23,1.21,1.35,11.5702
ACA,2026-02-26,0.92,1.15,25.0
SARO,2026-02-25,0.24,0.32,33.3333
PTGX,2026-02-25,-0.54,-0.69,-27.7778
ALKS,2026-02-25,0.34,0.29,-14.7059
CLF,2026-02-09,-0.62,-0.43,30.6452
PB,2026-01-28,1.45,1.46,0.6897
WH,2026-02-18,0.81,-0.8,-198.7654
GATX,2026-02-19,2.42,2.44,0.8264
FNB,2026-01-20,0.41,0.5,21.9512
EPRT,2026-02-11,0.33,0.34,3.0303
LSTR,2026-01-28,0.99,0.7,-29.2929
MTG,2026-02-02,0.75,0.75,0.0
RYN,2026-02-11,0.12,0.2,66.6667
LW,2026-04-01,0.61,0.72,18.0328
VLY,2026-01-29,0.29,0.31,6.8966
AVAV,2026-03-10,0.69,0.64,-7.2464
GTES,2026-02-12,0.37,0.38,2.7027
OWL,2026-02-05,0.22,0.24,9.0909
ETSY,2026-02-19,0.85,0.92,8.2353
GBCI,2026-01-22,0.62,0.55,-11.2903
VFC,2026-01-28,0.45,0.56,24.4444
GVA,2026-02-12,1.38,1.4,1.4493
MAC,2026-02-18,0.01,0.03,200.0
NXST,2026-02-26,3.55,5.48,54.3662
W,2026-02-19,-0.01,-0.89,-8800.0
RIG,2026-02-20,0.07,0.02,-71.4286
BROS,2026-02-12,0.1,0.17,70.0
VSNT,2026-05-14,2.16,2.02,-6.4815
ESNT,2026-02-13,1.74,1.6,-8.046
KLIC,2026-02-04,0.33,0.44,33.3333
ACI,2026-01-07,0.68,0.72,5.8824
RGEN,2026-02-24,0.22,0.23,4.5455
STWD,2026-02-25,0.41,0.42,2.439
HRL,2026-02-26,0.32,0.34,6.25
GXO,2026-02-10,0.83,0.87,4.8193
RGTI,2026-03-04,-0.05,-0.06,-20.0
HWC,2026-01-20,1.49,1.49,0.0
PCOR,2026-02-12,0.36,0.37,2.7778
VAL,2026-02-19,0.42,10.26,2342.8571
PRMB,2026-02-26,0.2,0.26,30.0
PRIM,2026-02-23,0.97,1.08,11.3402
POOL,2026-02-19,0.98,0.84,-14.2857
CZR,2026-02-17,-0.22,-0.27,-22.7273
NOVT,2026-02-23,0.88,0.91,3.4091
KMX,2026-04-14,0.21,0.34,61.9048
TMHC,2026-02-11,1.76,1.91,8.5227
EAT,2026-01-28,2.63,2.87,9.1255
ALGM,2026-01-29,0.14,0.15,7.1429
AUB,2026-01-22,0.86,0.97,12.7907
NJR,2026-02-02,1.0,1.17,17.0
ENPH,2026-02-03,0.58,0.71,22.4138
SWX,2026-02-25,1.38,1.36,-1.4493
MSGS,2026-02-05,0.43,0.34,-20.9302
TXNM,2026-02-27,0.64,0.48,-25.0
MATX,2026-02-24,3.69,4.6,24.6612
BKH,2026-02-04,1.41,1.41,0.0
UBSI,2026-01-22,0.86,0.91,5.814
SYRE,2026-02-19,-0.8,-0.74,7.5
LNC,2026-02-12,1.9,2.21,16.3158
ROAD,2026-02-05,0.31,0.47,51.6129
CHDN,2026-02-25,1.03,0.97,-5.8252
TPG,2026-02-05,0.65,0.71,9.2308
GTX,2026-02-19,0.39,0.4,2.5641
PTCT,2026-02-19,-0.15,-1.8,-1100.0
VNO,2026-02-09,0.03,0.0,-100.0
BC,2026-01-29,0.57,0.58,1.7544
CWST,2026-02-19,0.22,0.3,36.3636
MUR,2026-01-28,-0.03,0.14,566.6667
POR,2026-02-17,0.56,0.47,-16.0714
KRG,2026-02-17,0.1,0.05,-50.0
RDN,2026-02-18,1.09,1.13,3.6697
CORT,2026-02-24,0.33,0.2,-39.3939
CROX,2026-02-12,1.91,2.29,19.8953
GNTX,2026-01-30,0.43,0.44,2.3256
PIPR,2026-02-06,1.19,1.72,44.5378
PLUG,2026-03-02,-0.11,-0.06,45.4545
SITE,2026-02-11,-0.18,-0.1,44.4444
ACLS,2026-02-17,1.12,1.49,33.0357
GLNG,2026-03-26,0.43,0.14,-67.4419
COMP,2026-02-26,-0.06,-0.07,-16.6667
RITM,2026-02-03,0.58,0.74,27.5862
NUVL,2026-02-26,-1.44,-1.58,-9.7222
SIGI,2026-01-29,2.18,2.57,17.8899
AVTR,2026-02-11,0.22,0.22,0.0
POST,2026-02-05,1.67,2.13,27.5449
WTM,2026-08-06,379.45,327.23,-13.762
LYFT,2026-02-10,0.32,0.37,15.625
ESAB,2026-02-20,1.34,1.35,0.7463
S,2026-03-12,-0.18,-0.33,-83.3333
ABCB,2026-01-29,1.58,1.59,0.6329
MGY,2026-02-05,0.36,0.38,5.5556
LBRT,2026-01-28,-0.17,0.05,129.4118
OGS,2026-02-18,1.43,1.42,-0.6993
CVSA,2026-01-28,2.19,2.43,10.9589
M,2026-03-18,1.56,1.67,7.0513
HOMB,2026-01-14,0.6,0.6,0.0
LGN,2026-03-27,0.04,-0.55,-1475.0
MHK,2026-02-12,1.98,2.0,1.0101
CHWY,2026-03-25,0.28,0.27,-3.5714
SR,2026-02-03,1.64,1.77,7.9268
OZK,2026-01-20,1.55,1.53,-1.2903
MKTX,2026-02-06,1.66,2.51,51.2048
EPAM,2026-02-19,3.16,3.26,3.1646
SYNA,2026-02-05,1.15,1.21,5.2174
SIRI,2026-02-05,0.78,0.86,10.2564
UFPI,2026-02-23,1.06,0.7,-33.9623
COGT,2026-02-17,-0.51,-0.56,-9.8039
HIMS,2026-02-23,0.19,0.22,15.7895
SXT,2026-02-13,0.77,0.72,-6.4935
PECO,2026-02-05,0.15,0.13,-13.3333
SBRA,2026-02-12,0.16,0.16,0.0
MSM,2026-01-07,0.95,0.99,4.2105
CRSP,2026-02-12,-1.23,-1.37,-11.3821
HRB,2026-02-03,-1.89,-1.84,2.6455
AN,2026-02-06,4.88,5.08,4.0984
AS,2026-02-24,0.28,0.31,10.7143
DBX,2026-02-19,0.67,0.68,1.4925
UUUU,2026-02-26,-0.07,-0.09,-28.5714
PRM,2026-02-26,0.12,0.13,8.3333
BCPC,2026-02-20,1.29,1.31,1.5504
MAT,2026-02-10,0.55,0.39,-29.0909
BSY,2026-02-26,0.26,0.27,3.8462
SON,2026-02-16,1.0,1.05,5.0
VSEC,2026-02-25,0.87,0.98,12.6437
KYMR,2026-02-26,-0.77,-0.98,-27.2727
RYTM,2026-02-26,-0.78,-0.73,6.4103
LOPE,2026-02-18,3.13,3.14,0.3195
BRKR,2026-02-12,0.65,0.59,-9.2308
HASI,2026-02-12,0.66,0.67,1.5152
GAP,2026-03-05,0.45,0.45,0.0
XENE,2026-02-26,-1.21,-1.31,-8.2645
BIPC,2026-01-29,2.25,-0.3,-113.3333
CNO,2026-02-05,1.21,1.47,21.4876
PTEN,2026-02-04,-0.1,-0.02,80.0
BEPC,2026-01-30,-0.14,-0.33,-135.7143
G,2026-02-05,0.93,0.97,4.3011
MARA,2026-02-27,-1.17,-4.52,-286.3248
FND,2026-02-19,0.34,0.36,5.8824
WSC,2026-02-19,0.33,0.29,-12.1212
FTDR,2026-02-26,0.13,0.23,76.9231
PCTY,2026-02-05,1.6,1.85,15.625
VSH,2026-02-04,0.02,0.01,-50.0
TCBI,2026-01-22,1.77,2.08,17.5141
USAR,2026-03-30,-0.14,-0.19,-35.7143
BIO,2026-02-12,2.7,2.51,-7.037
CRC,2026-03-02,0.44,0.14,-68.1818
ESTC,2026-02-26,-0.09,0.07,177.7778
ALK,2026-01-22,0.11,0.43,290.9091
OLLI,2026-03-12,1.41,1.39,-1.4184
OUT,2026-02-25,0.48,0.55,14.5833
INDV,2026-02-26,0.67,0.82,22.3881
OSCR,2026-02-10,-0.92,-1.24,-34.7826
DIOD,2026-02-10,0.19,0.22,15.7895
VNT,2026-02-12,0.85,0.86,1.1765
WEX,2026-02-04,3.93,4.11,4.5802
IBP,2026-02-26,2.75,3.24,17.8182
HCC,2026-02-12,0.59,0.44,-25.4237
IRDM,2026-02-12,0.25,0.24,-4.0
MTN,2026-03-09,6.15,5.87,-4.5528
KNF,2026-02-17,0.44,0.56,27.2727
CNX,2026-01-29,0.38,1.28,236.8421
CELH,2026-02-26,0.19,0.26,36.8421
SAIC,2026-03-16,2.01,2.62,30.3483
YOU,2026-02-25,0.43,0.46,6.9767
BCO,2026-02-26,2.47,2.54,2.834
BDC,2026-02-12,1.95,2.08,6.6667
MRCY,2026-02-03,0.06,0.16,166.6667
ATMU,2026-02-13,0.57,0.66,15.7895
LTH,2026-02-24,0.33,0.34,3.0303
CNR,2026-02-12,-0.59,-1.54,-161.0169
AZZ,2026-01-07,1.32,1.36,3.0303
LQDA,2026-03-05,0.33,0.15,-54.5455
EPR,2026-02-25,0.72,0.81,12.5
MTH,2026-01-28,1.52,1.2,-21.0526
MIR,2026-02-10,0.1,0.07,-30.0
BOOT,2026-02-04,2.77,2.57,-7.2202
BYD,2026-02-05,1.94,2.21,13.9175
TEM,2026-02-24,-0.05,-0.04,20.0
CGON,2026-02-27,-0.58,-0.51,12.069
ENVA,2026-01-27,3.17,3.46,9.1483
CWEN,2026-02-23,0.44,-0.65,-247.7273
LPX,2026-02-17,-0.02,0.03,250.0
TVTX,2026-02-19,0.37,0.37,0.0
ASB,2026-01-22,0.7,0.8,14.2857
MDU,2026-02-05,0.35,0.37,5.7143
PVH,2026-03-31,3.3,3.82,15.7576
EBC,2026-01-22,0.41,0.44,7.3171
CBT,2026-02-03,1.38,1.53,10.8696
SLM,2026-01-22,0.92,1.12,21.7391
FBIN,2026-02-12,1.0,0.86,-14.0
LGND,2026-02-26,0.8,2.12,165.0
DAN,2026-02-27,0.38,0.12,-68.4211
FCN,2026-02-26,1.46,1.78,21.9178
CELC,2026-03-25,-1.01,-0.73,27.7228
TDS,2026-02-20,0.1,0.33,230.0
VIRT,2026-01-29,1.29,1.85,43.4109
BBWI,2026-03-04,1.77,2.05,15.8192
HRI,2026-02-17,1.87,2.07,10.6952
PSMT,2026-01-07,1.28,1.29,0.7813
AX,2026-01-29,2.07,2.25,8.6957
OLED,2026-02-19,1.26,1.39,10.3175
GSAT,2026-02-27,-0.04,-0.11,-175.0
LAUR,2026-02-19,0.79,1.15,45.5696
FELE,2026-02-17,0.89,0.87,-2.2472
CVLT,2026-01-27,0.98,1.17,19.3878
CSW,2026-01-29,1.87,1.42,-24.0642
KBR,2026-02-26,0.95,0.99,4.2105
MIRM,2026-02-25,0.06,-0.12,-300.0
COLD,2026-02-19,0.06,-0.31,-616.6667
ACIW,2026-02-26,1.01,0.9,-10.8911
CUZ,2026-02-05,0.06,0.06,0.0
PLNT,2026-02-24,0.79,0.83,5.0633
POWI,2026-02-05,0.19,0.23,21.0526
EXLS,2026-02-24,0.47,0.5,6.383
LAZ,2026-01-29,0.69,0.8,15.942
GPI,2026-01-29,9.16,8.49,-7.3144
NWE,2026-02-12,1.19,1.17,-1.6807
URBN,2026-02-25,1.26,1.43,13.4921
FLG,2026-01-30,0.02,0.06,200.0
RLI,2026-01-21,0.81,0.94,16.0494
WSFS,2026-01-26,1.23,1.43,16.2602
MRP,2026-02-26,0.74,0.74,0.0
SRRK,2026-03-03,-0.88,-0.88,0.0
KAI,2026-02-18,2.19,2.27,3.653
RUSHA,2026-02-17,0.69,0.81,17.3913
TREX,2026-02-24,-0.01,0.04,500.0
VVV,2026-02-04,0.33,0.37,12.1212
INDB,2026-01-22,1.65,1.7,3.0303
FFIN,2026-01-22,0.48,0.51,6.25
ACHR,2026-03-02,-0.17,-0.14,17.6471
TPC,2026-02-26,0.66,0.54,-18.1818
TDW,2026-03-02,0.77,0.45,-41.5584
XMTR,2026-02-24,0.12,0.16,33.3333
SHC,2026-02-24,0.24,0.26,8.3333
KRC,2026-02-09,0.27,0.1,-62.963
UNF,2026-01-07,2.06,1.98,-3.8835
MTRN,2026-02-12,1.51,1.53,1.3245
CLSK,2026-02-05,0.21,-1.32,-728.5714
IBOC,2026-02-26,1.63,1.71,4.908
MORN,2026-02-12,2.36,2.71,14.8305
STNG,2026-02-12,1.53,1.62,5.8824
ABG,2026-02-05,6.66,6.67,0.1502
PI,2026-02-05,0.51,0.5,-1.9608
RELY,2026-02-18,0.16,0.39,143.75
CSTM,2026-02-18,0.32,0.68,112.5
LUNR,2026-03-19,-0.05,-0.03,40.0
DUOL,2026-02-27,1.68,1.59,-5.3571
SFBS,2026-01-20,1.38,1.58,14.4928
TNL,2026-02-18,1.82,1.83,0.5495
ACMR,2026-02-26,0.4,0.25,-37.5
CPB,2026-03-11,0.57,0.51,-10.5263
TPH,2026-02-25,0.78,0.8,2.5641
HP,2026-02-04,0.11,-0.15,-236.3636
MWA,2026-02-04,0.26,0.29,11.5385
NVST,2026-02-05,0.32,0.38,18.75
MC,2026-02-04,0.72,1.1,52.7778
BFAM,2026-02-12,1.12,1.15,2.6786
PATH,2026-03-11,0.25,0.3,20.0
IRTC,2026-02-19,0.06,0.29,383.3333
SKT,2026-02-24,0.27,0.29,7.4074
SKY,2026-02-03,0.84,0.96,14.2857
OPLN,2026-02-18,0.27,0.25,-7.4074
CPRX,2026-02-25,0.5,0.68,36.0
AIR,2026-01-06,1.03,1.18,14.5631
CRNX,2026-02-26,-1.37,-1.29,5.8394
OSIS,2026-01-29,2.52,2.58,2.381
RNST,2026-01-27,0.8,0.91,13.75
THO,2026-03-03,0.03,0.34,1033.3333
LIVN,2026-02-25,0.81,0.86,6.1728
FULT,2026-01-21,0.5,0.55,10.0
PHIN,2026-02-12,1.14,1.18,3.5088
SDRL,2026-02-25,0.04,-0.07,-275.0
UCB,2026-01-14,0.71,0.7,-1.4085
ANF,2026-03-04,3.57,3.67,2.8011
BGC,2026-02-12,0.29,0.31,6.8966
FBP,2026-01-27,0.51,0.55,7.8431
REZI,2026-02-24,0.52,0.5,-3.8462
CENX,2026-02-19,1.3,1.25,-3.8462
LRN,2026-01-27,2.32,2.5,7.7586
AGO,2026-02-26,1.56,2.32,48.7179
NVTS,2026-02-24,-0.05,-0.05,0.0
UCTT,2026-02-23,0.23,0.22,-4.3478
WHD,2026-02-25,0.58,0.65,12.069
ITRI,2026-02-17,2.19,2.46,12.3288
PJT,2026-02-03,2.4,2.55,6.25
MMSI,2026-02-24,0.95,1.04,9.4737
LBRDK,2026-02-05,1.64,-23.21,-1515.2439
SKYW,2026-01-29,2.24,2.21,-1.3393
AMTM,2026-02-09,0.52,0.54,3.8462
VSCO,2026-03-05,2.53,2.77,9.4862
CC,2026-02-19,0.02,0.05,150.0
NWS,2026-02-05,0.37,0.4,8.1081
NATL,2026-02-26,0.98,1.09,11.2245
CVCO,2026-01-29,6.0,5.58,-7.0
OII,2026-02-18,0.31,0.45,45.1613
OLN,2026-01-29,-0.62,-0.64,-3.2258
RDNT,2026-03-02,0.2,0.23,15.0
AMBA,2026-02-26,0.1,0.13,30.0
QS,2026-02-11,-0.17,-0.17,0.0
CATY,2026-01-22,1.23,1.33,8.1301
OTTR,2026-02-16,1.28,1.23,-3.9063
VCTR,2026-02-04,1.66,1.78,7.2289
KN,2026-02-05,0.24,0.24,0.0
RNG,2026-02-19,0.27,0.26,-3.7037
IRT,2026-02-11,0.08,0.06,-25.0
GHC,2026-02-25,14.05,11.45,-18.5053
BMI,2026-01-28,1.16,1.14,-1.7241
ADT,2026-03-02,0.22,0.23,4.5455
STEP,2026-02-05,0.6,0.65,8.3333
CDP,2026-02-05,0.33,0.33,0.0
WING,2026-02-18,0.85,0.96,12.9412
CVBF,2026-01-21,0.4,0.41,2.5
LASR,2026-02-26,0.11,0.14,27.2727
BXMT,2026-02-11,0.27,-2.07,-866.6667
CRGY,2026-02-25,0.15,-0.03,-120.0
OPCH,2026-02-24,0.47,0.46,-2.1277
APLE,2026-02-23,0.1,0.1,0.0
VKTX,2026-02-11,-0.9,-1.38,-53.3333
BFH,2026-01-29,0.48,2.07,331.25
GTLB,2026-03-03,-0.09,-0.02,77.7778
BILL,2026-02-05,0.56,0.64,14.2857
YETI,2026-02-19,0.83,0.74,-10.8434
SLGN,2026-02-04,0.64,0.67,4.6875
QLYS,2026-02-05,1.78,1.87,5.0562
CBU,2026-01-27,1.13,1.03,-8.8496
TDC,2026-02-10,0.56,0.74,32.1429
DORM,2026-02-25,2.12,2.17,2.3585
LMND,2026-02-19,-0.43,-0.29,32.5581
KBH,2026-03-24,0.54,0.52,-3.7037
PLAB,2026-02-25,0.53,0.61,15.0943
ASO,2026-03-17,2.05,1.97,-3.9024
DK,2026-02-27,-0.16,1.26,887.5
NHI,2026-02-26,0.8,0.76,-5.0
MMS,2026-02-05,1.82,1.85,1.6484
CHEF,2026-02-11,0.62,0.68,9.6774
RXO,2026-02-06,-0.04,-0.07,-75.0
DOCS,2026-02-05,0.45,0.46,2.2222
PATK,2026-02-05,0.73,0.84,15.0685
SEI,2026-02-24,0.25,0.35,40.0
DLB,2026-01-29,0.99,1.06,7.0707
SLNO,2026-02-25,0.71,0.8,12.6761
BKD,2026-02-18,-0.17,-0.14,17.6471
WLK,2026-02-24,-1.48,-0.25,83.1081
ORKA,2026-03-12,-0.62,-0.45,27.4194
TNGX,2026-03-05,-0.33,-0.29,12.1212
MRX,2026-03-03,1.02,1.13,10.7843
SOUN,2026-02-26,-0.1,0.1,200.0
DRS,2026-02-24,0.37,0.42,13.5135
IAC,2026-02-03,1.05,0.16,-84.7619
TWST,2026-02-02,-0.52,-0.5,3.8462
PEGA,2026-02-10,0.73,0.76,4.1096
NMIH,2026-02-10,1.19,1.2,0.8403
JHX,2026-02-10,0.22,0.24,9.0909
DNTH,2026-03-09,-1.03,-1.43,-38.835
RYAN,2026-02-12,0.49,0.45,-8.1633
ITGR,2026-02-19,1.7,1.76,3.5294
VRNS,2026-02-03,0.03,0.08,166.6667
FIBK,2026-01-28,0.63,1.08,71.4286
SLG,2026-01-28,-0.61,-1.36,-122.9508
LEU,2026-02-10,1.63,0.79,-51.5337
CHH,2026-02-19,1.21,1.37,13.2231
DNLI,2026-02-26,-0.75,-0.73,2.6667
VC,2026-02-19,2.01,2.67,32.8358
MPT,2026-02-19,0.01,0.03,200.0
BOH,2026-01-26,1.26,1.39,10.3175
AVNT,2026-02-12,0.55,0.56,1.8182
EXTR,2026-01-28,0.24,0.26,8.3333
CARG,2026-02-19,0.63,0.63,0.0
WSBC,2026-01-27,0.85,0.84,-1.1765
AWR,2026-05-06,0.77,0.76,-1.2987
PARR,2026-02-24,1.29,1.17,-9.3023
NSA,2026-02-25,0.1,0.17,70.0
SXI,2026-01-29,1.99,2.08,4.5226
HOG,2026-02-10,-1.1,-2.44,-121.8182
KALU,2026-02-18,1.56,1.53,-1.9231
WT,2026-01-30,0.24,0.29,20.8333
RUN,2026-02-26,-0.06,0.38,733.3333
HAE,2026-02-05,0.9,0.95,5.5556
PLMR,2026-02-11,2.09,2.24,7.177
BEAM,2026-02-24,-1.12,2.33,308.0357
NG,2026-01-22,-0.04,-0.04,0.0
KMT,2026-02-04,0.38,0.47,23.6842
PFS,2026-01-27,0.56,0.64,14.2857
BOKF,2026-01-16,2.16,2.48,14.8148
LCII,2026-02-18,0.71,0.89,25.3521
EEFT,2026-02-12,2.46,2.39,-2.8455
SFNC,2026-01-20,0.48,0.54,12.5
ASH,2026-02-02,0.25,0.26,4.0
ELF,2026-02-04,0.72,1.24,72.2222
AAP,2026-02-13,0.41,0.86,109.7561
INOD,2026-02-26,0.26,0.25,-3.8462
NTB,2026-02-09,1.47,1.54,4.7619
CNK,2026-02-18,0.28,0.29,3.5714
LXP,2026-02-12,-0.07,0.46,757.1429
ACAD,2026-02-25,0.14,0.14,0.0
VCYT,2026-02-25,0.41,0.53,29.2683
PPTA,2026-03-31,-0.04,-0.61,-1425.0
MSGE,2026-02-03,2.51,1.97,-21.5139
GEO,2026-02-12,0.25,0.25,0.0
ATKR,2026-02-03,0.63,0.83,31.746
GPK,2026-02-03,0.35,0.29,-17.1429
FOUR,2026-02-26,1.6,1.6,0.0
TOWN,2026-01-28,0.71,0.7,-1.4085
AEO,2026-03-04,0.72,0.5,-30.5556
WRBY,2026-02-26,0.02,-0.05,-350.0
DX,2026-01-26,0.27,0.22,-18.5185
TRN,2026-02-12,2.3,2.31,0.4348
SHOO,2026-02-25,0.47,0.48,2.1277
TRMK,2026-01-27,0.91,0.97,6.5934
CPK,2026-02-25,1.97,1.93,-2.0305
BTU,2026-02-05,0.07,0.08,14.2857
FFBC,2026-01-28,0.79,0.8,1.2658
ICUI,2026-02-19,1.69,1.91,13.0178
EXPO,2026-02-05,0.47,0.49,4.2553
PFSI,2026-01-29,3.23,1.96,-39.3189
BCC,2026-02-23,0.12,0.24,100.0
BELFB,2026-02-17,1.66,1.98,19.2771
UNFI,2026-03-10,0.27,0.31,14.8148
HGV,2026-02-26,1.16,0.88,-24.1379
NIC,2026-01-20,2.54,2.73,7.4803
PSN,2026-02-11,0.79,0.75,-5.0633
HAYW,2026-02-25,0.25,0.31,24.0
QTWO,2026-02-11,0.61,0.68,11.4754
CLDX,2026-02-25,-1.0,-1.22,-22.0
CON,2026-02-26,0.28,0.28,0.0
STNE,2026-03-02,2.65,2.84,7.1698
WDFC,2026-01-08,1.45,1.28,-11.7241
ROG,2026-02-17,0.6,0.89,48.3333
FSLY,2026-02-11,0.06,0.12,100.0
MGEE,2026-02-24,0.64,0.64,0.0
LOAR,2026-02-26,0.19,0.26,36.8421
DYN,2026-03-02,-0.76,-0.73,3.9474
PBH,2026-02-05,1.16,1.14,-1.7241
RHI,2026-01-29,0.3,0.32,6.6667
ANDE,2026-02-17,1.56,2.04,30.7692
IPGP,2026-02-12,0.25,0.46,84.0
PRDO,2026-02-19,0.54,0.59,9.2593
HIW,2026-02-10,0.12,0.08,-33.3333
DAVE,2026-03-02,3.75,3.69,-1.6
BLBD,2026-02-04,0.8,1.0,25.0
MGRC,2026-02-25,1.71,2.03,18.7135
AEHR,2026-01-08,-0.04,-0.04,0.0
CECO,2026-02-24,0.41,0.3,-26.8293
MCY,2026-02-17,2.56,3.66,42.9688
VISN,2026-02-26,-0.35,-0.31,11.4286
UI,2026-02-06,3.08,3.88,25.974
FBNC,2026-01-21,1.04,1.19,14.4231
EOSE,2026-02-26,-0.24,-0.72,-200.0
CTRI,2026-02-25,0.19,0.17,-10.5263
EWTX,2026-02-26,-0.44,-0.47,-6.8182
KD,2026-02-09,0.6,0.52,-13.3333
BATRK,2026-02-25,-0.51,-0.29,43.1373
NGVT,2026-02-25,0.65,-2.37,-464.6154
ARCB,2026-01-30,0.34,-0.36,-205.8824
IMVT,2026-02-06,-0.69,-0.54,21.7391
PENN,2026-02-26,-0.16,0.07,143.75
FCPT,2026-02-11,0.28,0.28,0.0
PENG,2026-01-06,0.44,0.49,11.3636
ABM,2026-03-10,0.87,0.83,-4.5977
BCRX,2026-02-26,0.07,0.21,200.0
SBCF,2026-01-29,0.5,0.44,-12.0
SUPN,2026-02-24,0.28,0.88,214.2857
IMNM,2026-03-03,-0.57,-0.76,-33.3333
MTX,2026-01-29,1.28,1.27,-0.7813
GPOR,2026-02-24,5.64,5.75,1.9504
CWT,2026-02-25,0.33,0.19,-42.4242
ACHC,2026-02-25,0.01,0.07,600.0
ARQT,2026-02-25,0.09,0.13,44.4444
AKR,2026-02-10,0.07,0.1,42.8571
RARE,2026-02-12,-1.17,-1.29,-10.2564
WAFD,2026-01-15,0.76,0.75,-1.3158
PRVA,2026-02-26,0.03,0.07,133.3333
AMSC,2026-02-04,0.15,2.75,1733.3333
CURB,2026-02-09,0.07,0.09,28.5714
NMRK,2026-02-25,0.66,0.68,3.0303
RRR,2026-02-10,0.65,0.5,-23.0769
HUBG,2026-03-30,0.44,0.42,-4.5455
DBRG,2026-02-25,0.06,0.27,350.0
LINE,2026-02-25,-0.14,0.19,235.7143
UE,2026-02-11,0.08,0.1,25.0
CAKE,2026-02-18,0.99,1.0,1.0101
DNOW,2026-02-20,0.14,0.15,7.1429
KNTK,2026-02-25,0.34,2.18,541.1765
SPB,2026-02-05,0.76,1.4,84.2105
TENB,2026-02-04,0.41,0.48,17.0732
NTCT,2026-02-05,0.82,1.0,21.9512
BANF,2026-01-22,1.79,1.75,-2.2346
PK,2026-02-19,0.1,0.1,0.0
HUN,2026-02-17,-0.31,-0.37,-19.3548
NSIT,2026-02-05,2.84,2.96,4.2254
TXG,2026-02-12,-0.04,0.07,275.0
CSGS,2026-02-04,1.33,1.53,15.0376
IBRX,2026-02-23,-0.1,-0.06,40.0
SMG,2026-01-28,-1.0,-0.77,23.0
BANR,2026-01-21,1.45,1.55,6.8966
PLUS,2026-02-04,1.01,1.45,43.5644
CXW,2026-02-11,0.21,0.27,28.5714
ATEN,2026-02-04,0.24,0.26,8.3333
IDYA,2026-02-17,-0.95,-0.94,1.0526
TARS,2026-02-23,0.01,-0.2,-2100.0
CCC,2026-02-24,0.09,0.1,11.1111
OSW,2026-02-18,0.26,0.24,-7.6923
CACC,2026-01-29,9.85,11.35,15.2284
CAR,2026-02-18,-0.19,-21.25,-11084.2105
RSI,2026-02-17,0.11,0.08,-27.2727
LION,2026-02-05,-0.07,-0.16,-128.5714
UPST,2026-02-10,0.46,0.5,8.6957
ATRO,2026-02-24,0.6,0.75,25.0
HLIO,2026-03-02,0.72,0.81,12.5
BANC,2026-01-21,0.37,0.42,13.5135
AUPH,2026-02-26,0.22,1.53,595.4545
DCO,2026-02-26,0.96,1.05,9.375
SHAK,2026-02-26,0.35,0.37,5.7143
DFTX,2026-02-26,-0.49,-0.5,-2.0408
AAMI,2026-02-05,1.28,1.32,3.125
GOLF,2026-02-26,-0.25,-0.45,-80.0
LINC,2026-02-23,0.42,0.5,19.0476
WHR,2026-01-28,1.52,1.1,-27.6316
PRK,2026-01-26,2.8,2.93,4.6429
AMRX,2026-02-27,0.18,0.21,16.6667
QUBT,2026-03-02,-0.04,-0.04,0.0
VRRM,2026-02-24,0.31,0.3,-3.2258
FRPT,2026-02-23,0.48,0.62,29.1667
DRH,2026-02-26,0.07,0.12,71.4286
NWN,2026-02-27,1.36,1.39,2.2059
HE,2026-02-27,0.24,0.24,0.0
WK,2026-02-19,0.69,0.78,13.0435
CALX,2026-01-28,0.38,0.39,2.6316
CALY,2026-02-12,-0.31,-0.25,19.3548
THR,2026-02-05,0.58,0.66,13.7931
SMMT,2026-02-23,-0.1,-0.21,-110.0
MZTI,2026-02-03,2.23,2.15,-3.5874
BUSE,2026-01-27,0.62,0.68,9.6774
CNS,2026-01-22,0.81,0.81,0.0
IRON,2026-02-26,-1.7,-1.62,4.7059
VERA,2026-02-26,-1.27,-1.39,-9.4488
WU,2026-02-20,0.43,0.45,4.6512
AMPX,2026-03-04,-0.04,-0.01,75.0
GPGI,2026-03-12,0.23,0.23,0.0
HNI,2026-02-25,0.91,0.83,-8.7912
TBBK,2026-01-29,1.46,1.28,-12.3288
IVT,2026-02-10,0.04,0.03,-25.0
CLMT,2026-02-27,-0.37,-0.43,-16.2162
NOG,2026-02-25,0.77,0.83,7.7922
FRME,2026-01-26,0.95,0.98,3.1579
WERN,2026-02-05,0.1,-0.46,-560.0
SHO,2026-02-27,-0.04,0.02,150.0
DGII,2026-02-04,0.55,0.56,1.8182
KOD,2026-03-31,-1.05,-1.04,0.9524
DHT,2026-02-04,0.4,0.41,2.5
TMDX,2026-02-24,0.37,0.53,43.2432
ADPT,2026-02-05,-0.18,-0.09,50.0
APAM,2026-02-03,1.09,1.26,15.5963
BBT,2026-01-28,0.79,0.79,0.0
XRAY,2026-02-26,0.02,-0.74,-3800.0
TALO,2026-02-24,-0.33,-0.44,-33.3333
RLAY,2026-02-26,-0.4,-0.31,22.5
ADMA,2026-02-25,0.2,0.22,10.0
FWONA,2026-02-26,0.39,0.38,-2.5641
ADNT,2026-02-04,0.19,0.35,84.2105
UTI,2026-02-04,0.14,0.23,64.2857
EFSC,2026-01-26,1.36,1.36,0.0
ICHR,2026-02-09,-0.06,0.01,116.6667
WAY,2026-02-17,0.4,0.36,-10.0
CUBI,2026-01-22,2.04,2.06,0.9804
VAC,2026-02-25,1.71,1.86,8.7719
COHU,2026-02-12,0.06,-0.15,-350.0
AMR,2026-02-27,-1.34,-1.04,22.3881
EPAC,2026-03-25,0.39,0.39,0.0
RH,2026-03-31,2.2,1.46,-33.6364
FBK,2026-01-21,1.12,1.16,3.5714
SYBT,2026-01-27,1.2,1.24,3.3333
CXT,2026-02-11,1.26,1.27,0.7937
GRAL,2026-02-19,-2.53,-2.44,3.5573
LBTYK,2026-07-30,-0.31,-8.54,-2654.8387
ZD,2026-02-23,2.7,2.56,-5.1852
NBTB,2026-01-26,0.99,1.05,6.0606
CPRI,2026-02-03,0.81,0.47,-41.9753
GRBK,2026-02-25,1.67,1.78,6.5868
PTON,2026-02-05,-0.05,-0.03,40.0
NWBI,2026-01-26,0.31,0.33,6.4516
RCUS,2026-02-25,-1.07,-0.89,16.8224
ELVN,2026-03-03,-0.47,-0.48,-2.1277
NTST,2026-02-10,0.06,0.05,-16.6667
LBTYA,2026-02-18,-0.31,-8.66,-2693.5484
ALRM,2026-02-19,0.64,0.72,12.5
IOSP,2026-02-17,1.24,1.5,20.9677
CENTA,2026-02-04,0.14,0.21,50.0
ECPG,2026-02-25,1.75,3.48,98.8571
BWIN,2026-02-26,-0.25,-0.37,-48.0
CWK,2026-02-19,0.54,0.54,0.0
BULL,2026-03-04,0.05,0.04,-20.0
DHC,2026-02-23,-0.18,-0.06,66.6667
KWR,2026-02-23,1.75,1.65,-5.7143
WD,2026-02-26,1.46,0.28,-80.8219
PRLB,2026-02-06,0.34,0.44,29.4118
DEI,2026-02-10,-0.05,-0.04,20.0
XHR,2026-02-24,0.04,0.1,150.0
AIN,2026-02-24,0.7,0.65,-7.1429
HTH,2026-01-29,0.35,0.69,97.1429
GNL,2026-02-25,-0.05,-0.05,0.0
NEOG,2026-01-08,0.07,0.1,42.8571
TNK,2026-02-18,2.73,2.8,2.5641
HHH,2026-02-19,0.4,0.1,-75.0
OMCL,2026-02-05,0.5,0.4,-20.0
MD,2026-02-19,0.54,0.5,-7.4074
PGNY,2026-02-26,0.4,0.48,20.0
CASH,2026-01-22,1.38,1.57,13.7681
STEL,2026-01-28,0.51,0.51,0.0
OUST,2026-03-02,-0.13,0.07,153.8462
ASTH,2026-03-02,0.33,0.42,27.2727
SPSC,2026-02-12,1.01,1.14,12.8713
CTS,2026-02-10,0.6,0.62,3.3333
ZG,2026-02-10,-0.02,0.01,150.0
PEB,2026-02-25,-0.31,-0.23,25.8065
HMN,2026-02-03,1.18,1.21,2.5424
LLYVA,2026-02-26,-1.24,1.94,256.4516
WKC,2026-02-19,0.47,0.3,-36.1702
NVCR,2026-02-26,-0.41,-0.22,46.3415
AIP,2026-02-12,-0.07,-0.05,28.5714
KMPR,2026-02-04,0.86,0.25,-70.9302
FLYW,2026-02-24,0.14,0.14,0.0
BBAI,2026-03-02,-0.06,-0.01,83.3333
HURN,2026-02-24,1.95,2.17,11.2821
ERAS,2026-03-12,-0.11,-0.1,9.0909
DBD,2026-02-12,1.65,2.75,66.6667
NN,2026-03-17,-0.13,-0.5,-284.6154
AMBQ,2026-03-05,-0.38,-0.32,15.7895
COLM,2026-02-03,1.19,1.73,45.3782
OFG,2026-01-22,1.15,1.27,10.4348
RAMP,2026-02-05,0.67,0.76,13.4328
WLY,2026-03-05,0.86,0.97,12.7907
FUN,2026-02-19,-0.16,-0.58,-262.5
SONO,2026-02-03,0.68,0.93,36.7647
VCEL,2026-02-26,0.38,0.45,18.4211
LMAT,2026-02-25,0.66,0.68,3.0303
BIRK,2026-02-12,0.26,0.27,3.8462
STRA,2026-02-26,1.41,1.74,23.4043
NWL,2026-02-06,0.18,0.18,0.0
SGHC,2026-04-17,0.16,0.13,-18.75
AGIO,2026-02-12,-1.94,-1.85,4.6392
SRPT,2026-02-25,-1.25,-3.93,-214.4
ARR,2026-02-18,0.77,0.71,-7.7922
STC,2026-02-04,1.35,1.65,22.2222
VVX,2026-02-23,1.34,1.56,16.4179
VSTS,2026-02-10,0.07,0.1,42.8571
SMA,2026-02-25,0.16,0.15,-6.25
CHCO,2026-01-21,2.26,2.18,-3.5398
TSHA,2026-03-19,-0.1,-0.07,30.0
VRE,2026-02-23,-0.05,0.0,100.0
ANAB,2026-03-03,0.93,1.58,69.8925
GHM,2026-02-06,0.18,0.31,72.2222
PAGS,2026-03-04,2.23,2.33,4.4843
TTI,2026-02-25,0.02,0.02,0.0
NWPX,2026-02-25,0.64,0.93,45.3125
SILA,2026-02-24,0.17,0.09,-47.0588
EFC,2026-02-25,0.46,0.47,2.1739
ARI,2026-02-10,0.24,0.32,33.3333
BRZE,2026-03-24,0.14,0.1,-28.5714
QCRH,2026-01-27,1.99,2.21,11.0553
NVRI,2026-02-24,-0.23,-0.17,26.087
EVTC,2026-02-26,0.9,0.93,3.3333
GABC,2026-01-26,0.91,0.96,5.4945
REX,2026-05-28,0.14,1.32,842.8571
SFL,2026-02-11,0.02,-0.03,-250.0
AXGN,2026-02-24,0.1,0.07,-30.0
IPAR,2026-02-24,0.78,0.88,12.8205
LZB,2026-02-17,0.59,0.61,3.3898
FRSH,2026-02-10,0.11,0.14,27.2727
FCF,2026-01-27,0.42,0.43,2.381
GT,2026-02-09,0.49,0.39,-20.4082
HCSG,2026-02-11,0.22,0.44,100.0
UFPT,2026-02-24,2.24,2.44,8.9286
NRIX,2026-01-28,-0.9,-0.82,8.8889
MGNI,2026-02-25,0.35,0.34,-2.8571
SOC,2026-02-27,-0.6,-0.39,35.0
AGM,2026-02-19,4.53,3.66,-19.2053
HTO,2026-02-25,0.5,0.46,-8.0
NCNO,2026-03-31,0.21,0.37,76.1905
SEM,2026-02-19,0.23,0.16,-30.4348
PACS,2026-02-26,0.46,0.57,23.913
VOYG,2026-03-09,-0.36,-0.37,-2.7778
ANIP,2026-02-27,1.98,2.33,17.6768
NESR,2026-02-17,0.25,0.32,28.0
YELP,2026-02-12,0.58,0.61,5.1724
SNDR,2026-01-29,0.2,0.13,-35.0
BAND,2026-02-19,0.33,0.35,6.0606
SAM,2026-02-24,-2.51,-2.12,15.5378
IIPR,2026-02-23,1.05,1.06,0.9524
HLIT,2026-02-19,0.05,-0.49,-1080.0
INVA,2026-02-25,0.43,0.47,9.3023
WOR,2026-03-24,0.96,0.98,2.0833
STOK,2026-03-16,-0.74,-0.97,-31.0811
UNIT,2026-03-02,-0.36,-1.19,-230.5556
MCRI,2026-02-04,1.42,1.55,9.1549
ADUS,2026-02-23,1.72,1.77,2.907
FMC,2026-02-04,1.2,1.2,0.0
BFC,2026-01-22,1.81,2.0,10.4972
RLJ,2026-02-26,-0.07,-0.02,71.4286
DXPE,2026-02-25,1.3,1.39,6.9231
GBX,2026-01-08,0.79,1.14,44.3038
SNDX,2026-02-26,-0.58,-0.78,-34.4828
GEF,2026-01-27,0.68,0.48,-29.4118
OCUL,2026-02-05,-0.34,-0.29,14.7059
WTTR,2026-02-17,0.02,0.02,0.0
CBL,2026-08-05,0.34,1.56,358.8235
IE,2026-02-23,-0.22,-0.17,22.7273
AGYS,2026-01-26,0.46,0.42,-8.6957
FIVN,2026-02-19,0.78,0.8,2.5641
CNOB,2026-01-29,0.73,0.83,13.6986
WABC,2026-01-15,1.07,1.12,4.6729
DDS,2026-02-24,9.14,12.16,33.0416
NPKI,2026-02-25,0.11,0.13,18.1818
PRGO,2026-02-26,0.59,-10.22,-1832.2034
SMR,2026-02-26,-0.15,-0.8,-433.3333
TIC,2026-03-12,0.09,-0.13,-244.4444
XPRO,2026-02-19,0.24,0.21,-12.5
NNI,2026-02-26,1.63,1.56,-4.2945
DCH,2026-02-13,-0.02,0.07,450.0
CMPR,2026-01-28,1.64,1.95,18.9024
TILE,2026-02-24,0.4,0.49,22.5
WEN,2026-02-13,0.14,0.16,14.2857
MQ,2026-02-24,-0.02,0.01,150.0
TRS,2026-02-26,0.44,2.03,361.3636
SHLS,2026-02-24,0.14,0.1,-28.5714
LC,2026-01-28,0.34,0.35,2.9412
CAPR,2026-03-12,-0.55,-0.62,-12.7273
OI,2026-02-10,0.19,0.2,5.2632
PDFS,2026-02-12,0.24,0.3,25.0
DXC,2026-01-29,0.83,0.96,15.6627
STBA,2026-01-22,0.88,0.89,1.1364
CBZ,2026-02-25,-0.66,-0.7,-6.0606
LTC,2026-02-24,1.11,2.11,90.0901
TNC,2026-02-24,1.14,-0.23,-120.1754
LPG,2026-02-05,1.16,1.11,-4.3103
GTY,2026-02-11,0.34,0.4,17.6471
NSSC,2026-02-02,0.31,0.37,19.3548
SPNT,2026-02-18,0.57,0.7,22.807
FLO,2026-02-12,0.15,-0.32,-313.3333
BORR,2026-02-18,-0.02,0.0,100.0
FIGR,2026-02-26,0.12,0.06,-50.0
AVPT,2026-02-26,0.09,0.1,11.1111
CLOV,2026-02-26,-0.1,-0.1,0.0
HCI,2026-02-25,5.04,7.25,43.8492
ECVT,2026-02-26,0.15,0.28,86.6667
JBLU,2026-01-27,-0.46,-0.49,-6.5217
NVAX,2026-02-26,-0.49,0.11,122.449
ORC,2026-01-29,0.19,0.2,5.2632
SKWD,2026-02-23,1.02,1.17,14.7059
USLM,2026-02-02,1.13,1.06,-6.1947
ALMS,2026-03-19,-0.98,-0.25,74.4898
BLSH,2026-02-05,0.16,0.19,18.75
TFIN,2026-01-26,0.3,0.77,156.6667
CCS,2026-01-28,1.29,1.21,-6.2016
STAA,2026-03-03,0.17,0.01,-94.1176
WLDN,2026-02-26,0.79,1.57,98.7342
BL,2026-02-10,0.59,0.63,6.7797
KOS,2026-03-02,-0.09,-0.16,-77.7778
HLF,2026-02-18,0.48,0.45,-6.25
JBIO,2026-05-07,-0.48,-0.57,-18.75
UVE,2026-02-24,1.3,2.17,66.9231
LFST,2026-02-25,0.05,0.09,80.0
TRVI,2026-03-17,-0.1,-0.06,40.0
HLX,2026-02-23,0.02,0.05,150.0
ALG,2026-03-02,2.3,1.7,-26.087
PRKS,2026-02-26,0.66,0.48,-27.2727
TPB,2026-03-02,0.88,0.95,7.9545
CAI,2026-02-26,0.1,0.28,180.0
SEZL,2026-02-25,0.96,1.21,26.0417
TCBK,2026-01-22,0.99,1.03,4.0404
SLVM,2026-02-12,1.09,0.83,-23.8532
ACT,2026-02-03,1.1,1.23,11.8182
ENOV,2026-02-26,0.84,0.95,13.0952
GLOB,2026-02-26,1.54,1.54,0.0
PRG,2026-02-18,0.53,0.49,-7.5472
UVV,2026-02-09,1.92,1.32,-31.25
ARDX,2026-02-19,0.01,0.0,-100.0
SLDE,2026-02-24,0.88,1.23,39.7727
GRC,2026-02-06,0.43,0.55,27.907
PRCT,2026-02-25,-0.33,-0.53,-60.6061
ARRY,2026-02-25,-0.01,-0.01,0.0
PAYO,2026-02-26,0.07,0.09,28.5714
HRMY,2026-02-24,0.87,0.38,-56.3218
BLKB,2026-02-10,1.14,1.19,4.386
WWW,2026-02-26,0.44,0.45,2.2727
KSS,2026-03-10,0.84,1.07,27.381
HOPE,2026-01-27,0.26,0.27,3.8462
RYZ,2026-02-19,-0.65,-1.01,-55.3846
SFD,2026-03-24,0.67,0.83,23.8806
AMLX,2026-03-03,-0.34,-0.3,11.7647
HLMN,2026-02-17,0.1,0.1,0.0
EYE,2026-03-04,0.06,0.15,150.0
KW,2026-02-25,-0.14,0.21,250.0
CRVS,2026-03-12,-0.13,-0.15,-15.3846
ZYME,2026-03-02,-0.32,-0.55,-71.875
MIAX,2026-02-25,0.41,0.52,26.8293
FTRE,2026-02-26,0.16,0.09,-43.75
AESI,2026-02-23,-0.2,-0.21,-5.0
LKFN,2026-01-26,1.06,1.16,9.434
FLNC,2026-02-04,-0.21,-0.34,-61.9048
DCOM,2026-01-21,0.71,0.79,11.2676
LEG,2026-02-11,0.23,0.22,-4.3478
GPRE,2026-02-05,0.05,-0.12,-340.0
SBH,2026-02-09,0.46,0.48,4.3478
BKSY,2026-02-26,-0.28,-0.06,78.5714
SKYT,2026-02-25,-0.02,-0.03,-50.0
CRI,2026-02-27,1.7,1.9,11.7647
PUMP,2026-02-18,-0.12,0.01,108.3333
TNET,2026-02-12,0.4,0.46,15.0
NTLA,2026-02-26,-0.96,-0.83,13.5417
DV,2026-02-26,0.33,0.31,-6.0606
LILAK,2026-02-18,0.23,-0.27,-217.3913
GIII,2026-03-12,0.59,0.3,-49.1525
ENR,2026-02-05,0.26,0.31,19.2308
PLGO,2026-02-25,1.08,1.09,0.9259
CRK,2026-02-11,0.1,0.97,870.0
TE,2026-03-31,-0.01,-0.43,-4200.0
NBHC,2026-01-27,0.82,0.6,-26.8293
BRBR,2026-02-03,0.32,0.37,15.625
LNN,2026-01-08,1.48,1.54,4.0541
BKE,2026-03-13,1.51,1.59,5.298
NUVB,2026-03-02,-0.04,-0.09,-125.0
GTM,2026-02-09,0.28,0.32,14.2857
RDW,2026-02-25,-0.16,-0.22,-37.5
INSP,2026-02-11,0.68,1.65,142.6471
VRDN,2026-02-26,-1.0,-1.08,-8.0
ATRC,2026-02-17,-0.04,0.06,250.0
VPG,2026-02-11,0.18,-0.14,-177.7778
PRA,2026-02-23,0.25,0.82,228.0
OBK,2026-01-28,0.86,0.99,15.1163
FDP,2026-02-18,0.28,0.7,150.0
IMAX,2026-02-25,0.33,0.01,-96.9697
WS,2026-03-25,0.47,0.27,-42.5532
HG,2026-02-19,1.05,1.65,57.1429
PEBO,2026-01-20,0.88,0.94,6.8182
GBTG,2026-03-09,0.17,0.15,-11.7647
COLL,2026-02-26,2.14,2.04,-4.6729
CSR,2026-02-17,-0.22,-0.11,50.0
BRSL,2026-02-24,0.32,0.36,12.5
BTDR,2026-02-12,-0.11,-0.31,-181.8182
MPLT,2026-03-26,-0.83,-2.47,-197.5904
MAN,2026-01-29,0.82,0.64,-21.9512
REYN,2026-02-04,0.59,0.59,0.0
ROCK,2026-02-26,0.58,0.4,-31.0345
SCL,2026-02-23,0.4,-0.02,-105.0
PRGS,2026-01-20,1.31,1.51,15.2672
MLKN,2026-03-25,0.45,0.43,-4.4444
PLPC,2026-03-04,1.64,1.72,4.878
INTA,2026-02-03,-0.08,-0.07,12.5
PNTG,2026-02-25,0.32,0.34,6.25
SBSI,2026-01-29,0.79,0.51,-35.443
CNXC,2026-01-13,2.91,2.95,1.3746
FMNB,2026-01-28,0.47,0.4,-14.8936
KOPN,2026-04-13,-0.02,0.04,300.0
VYX,2026-02-26,0.29,0.31,6.8966
CMRE,2026-02-18,0.54,0.6,11.1111
ALKT,2026-02-25,-0.12,-0.11,8.3333
TDOC,2026-02-25,-0.22,-0.1,54.5455
CLVT,2026-02-24,0.16,0.2,25.0
WSR,2026-02-25,0.12,0.1,-16.6667
LOB,2026-01-21,0.56,0.47,-16.0714
CFFN,2026-01-28,0.14,0.16,14.2857
TROX,2026-02-18,-0.58,-0.6,-3.4483
TWO,2026-02-02,0.47,-0.02,-104.2553
XERS,2026-03-02,0.05,0.06,20.0
JJSF,2026-02-03,0.36,0.33,-8.3333
FA,2026-02-26,0.26,0.3,15.3846
ASTE,2026-02-25,0.83,1.06,27.7108
AMN,2026-02-19,0.27,0.22,-18.5185
AVNS,2026-02-24,0.25,0.29,16.0
RXRX,2026-02-25,-0.32,-0.21,34.375
ALH,2026-03-12,0.24,0.24,0.0
URGN,2026-03-02,-0.51,-0.53,-3.9216
UFCS,2026-02-10,0.91,1.5,64.8352
MLYS,2026-03-12,-0.53,-0.4,24.5283
FMBH,2026-01-29,1.06,1.06,0.0
ADTN,2026-02-26,0.08,0.16,100.0
PPC,2026-02-11,0.76,0.68,-10.5263
PRCH,2026-02-11,-0.07,-0.03,57.1429
EYPT,2026-03-04,-0.75,-0.81,-8.0
PWP,2026-02-06,0.1,0.17,70.0
IART,2026-02-26,0.8,0.83,3.75
ICFI,2026-02-26,1.49,1.47,-1.3423
SRCE,2026-01-23,1.61,1.87,16.1491
ASST,2026-05-14,-0.12,-5.19,-4225.0
RAPP,2026-03-10,-0.67,-0.72,-7.4627
PZZA,2026-02-26,0.33,0.34,3.0303
NAT,2026-02-26,0.09,0.06,-33.3333
SCSC,2026-02-05,1.01,0.8,-20.7921
MFA,2026-02-18,0.26,0.42,61.5385
NEO,2026-02-17,0.04,0.06,50.0
LXU,2026-02-25,0.21,0.28,33.3333
FIGS,2026-02-26,0.02,0.1,400.0
UPBD,2026-02-19,0.94,0.34,-63.8298
MBX,2026-03-12,-0.6,-0.49,18.3333
TMP,2026-01-30,1.65,1.78,7.8788
PCT,2026-02-26,-0.25,-0.07,72.0
SGRY,2026-03-02,0.3,0.12,-60.0
SLS,2026-03-19,-0.06,-0.05,16.6667
LADR,2026-02-05,0.24,0.17,-29.1667
ENVX,2026-02-25,-0.17,-0.14,17.6471
OMER,2026-03-31,0.17,0.98,476.4706
CNMD,2026-01-28,1.32,1.43,8.3333
COUR,2026-02-05,0.06,0.06,0.0
ETON,2026-03-19,0.2,0.19,-5.0
DOLE,2026-02-25,0.15,0.14,-6.6667
ARLO,2026-02-26,0.16,0.22,37.5
TALK,2026-02-19,0.03,0.03,0.0
NSP,2026-02-10,-0.47,-0.6,-27.6596
EPC,2026-02-09,-0.16,-0.16,0.0
PDM,2026-02-11,-0.05,-0.35,-600.0
XPEL,2026-02-25,0.45,0.48,6.6667
OCFC,2026-01-22,0.37,0.41,10.8108
INVX,2026-02-23,0.31,0.24,-22.5806
PCRX,2026-02-26,0.9,0.57,-36.6667
ALGT,2026-02-04,1.99,2.85,43.2161
DAKT,2026-03-04,0.13,0.09,-30.7692
WINA,2026-02-18,2.78,2.69,-3.2374
IDT,2026-03-10,0.9,1.0,11.1111
LGIH,2026-02-17,0.91,0.97,6.5934
MSEX,2026-02-19,0.46,0.46,0.0
GLUE,2026-03-17,-0.34,-0.55,-61.7647
CMP,2026-02-04,0.26,0.43,65.3846
CGEM,2026-03-10,-0.84,-0.77,8.3333
UVSP,2026-01-28,0.77,0.79,2.5974
SCHL,2026-03-19,2.35,2.55,8.5106
NEXT,2026-03-02,-0.61,-0.89,-45.9016
CDNA,2026-02-24,0.01,-0.08,-900.0
AOSL,2026-02-05,-0.08,-0.16,-100.0
JBGS,2026-08-04,-0.47,-0.78,-65.9574
IDR,2026-03-23,0.2,0.63,215.0
TRIP,2026-02-12,0.13,0.04,-69.2308
CPF,2026-01-28,0.73,0.85,16.4384
CIM,2026-02-11,0.5,0.53,6.0
SAFT,2026-08-05,1.28,1.58,23.4375
SMBK,2026-01-20,0.78,0.81,3.8462
UA,2026-08-07,-0.02,-0.03,-50.0
VTOL,2026-02-25,0.87,0.89,2.2989
AAT,2026-02-03,0.08,0.05,-37.5
MNKD,2026-02-26,0.01,-0.05,-600.0
THRM,2026-02-19,0.56,0.49,-12.5
RCAT,2026-03-18,-0.15,-0.17,-13.3333
UPWK,2026-02-09,0.31,0.36,16.129
UAA,2026-02-06,-0.01,0.09,1000.0
TBPH,2026-03-19,0.33,0.06,-81.8182
SMPL,2026-01-08,0.3,0.26,-13.3333
REAL,2026-02-26,0.04,0.06,50.0
CVI,2026-02-18,-0.83,-0.8,3.6145
AI,2026-02-25,-0.76,-0.94,-23.6842
SAH,2026-02-18,1.5,1.52,1.3333
FLY,2026-03-19,-0.48,-0.38,20.8333
DLX,2026-01-28,0.83,0.96,15.6627
PMT,2026-01-29,0.39,0.48,23.0769
ASC,2026-02-12,0.27,0.28,3.7037
ATEC,2026-02-24,-0.14,-0.14,0.0
PGEN,2026-03-25,-0.08,-0.01,87.5
VRTS,2026-02-06,6.5,6.5,0.0
CTBI,2026-01-21,1.43,1.51,5.5944
HTB,2026-01-22,0.86,0.93,8.1395
WLFC,2026-03-10,3.06,1.52,-50.3268
GENI,2026-03-04,0.02,-0.08,-500.0
FG,2026-02-19,1.2,0.91,-24.1667
DFIN,2026-02-17,0.41,0.7,70.7317
OSBC,2026-01-21,0.54,0.58,7.4074
APOG,2026-01-07,1.01,1.02,0.9901
BJRI,2026-02-25,0.62,0.66,6.4516
APEI,2026-03-12,0.54,0.88,62.963
PLOW,2026-02-23,0.52,0.62,19.2308
MCHB,2026-01-30,0.26,0.59,126.9231
BHRB,2026-01-22,1.87,1.98,5.8824
HAFC,2026-01-27,0.7,0.7,0.0
CVLG,2026-01-29,0.33,0.31,-6.0606
CODI,2026-01-14,0.61,-0.7,-214.7541
CRAI,2026-02-26,2.07,2.06,-0.4831
MBWM,2026-01-20,1.37,1.4,2.1898
UMH,2026-02-25,0.04,-0.01,-125.0
VERX,2026-02-11,0.16,0.17,6.25
MBC,2026-02-10,0.14,-0.02,-114.2857
BUR,2026-02-26,0.39,-0.17,-143.5897
GCT,2026-02-26,0.85,1.16,36.4706
HFWA,2026-01-22,0.56,0.66,17.8571
ESQ,2026-01-22,1.53,1.55,1.3072
RBCAA,2026-01-30,1.32,1.16,-12.1212
DEA,2026-02-23,0.11,0.1,-9.0909
ABR,2026-02-27,0.14,0.07,-50.0
BY,2026-01-22,0.72,0.76,5.5556
UAMY,2026-03-19,0.01,0.0,-100.0
MCBS,2026-01-30,0.73,0.78,6.8493
AORT,2026-02-12,0.18,0.17,-5.5556
MBIN,2026-01-28,0.94,1.28,36.1702
BRSP,2026-02-17,0.16,0.15,-6.25
IRMD,2026-02-10,0.44,0.5,13.6364
TYRA,2026-03-02,-0.53,-0.57,-7.5472
LIND,2026-02-26,-0.33,-0.45,-36.3636
IOVA,2026-02-24,-0.18,-0.18,0.0
BZH,2026-01-29,-0.49,-1.05,-114.2857
GERN,2026-02-25,-0.04,-0.02,50.0
FIZZ,2026-03-12,0.44,0.44,0.0
TNDM,2026-02-19,-0.09,-0.01,88.8889
NRIM,2026-01-23,0.66,0.54,-18.1818
ACVA,2026-02-23,-0.01,-0.01,0.0
GNK,2026-02-17,0.37,0.39,5.4054
GSHD,2026-02-17,0.57,0.64,12.2807
ORRF,2026-01-27,1.06,1.11,4.717
PVLA,2026-03-31,-0.91,-1.08,-18.6813
FLNG,2026-02-11,0.54,0.43,-20.3704
WGO,2026-03-25,0.24,0.27,12.5
TGLS,2026-02-26,0.84,0.63,-25.0
AMRC,2026-03-02,0.36,0.39,8.3333
OLMA,2026-03-16,-0.53,-0.5,5.6604
NBR,2026-02-11,-0.96,0.17,117.7083
TFSL,2026-01-29,0.09,0.08,-11.1111
INBX,2026-03-19,-2.08,-2.11,-1.4423
NTGR,2026-02-04,0.05,0.26,420.0
PLSE,2026-02-19,-0.21,-0.18,14.2857
LQDT,2026-02-05,0.31,0.39,25.8065
KOP,2026-02-26,0.62,0.7,12.9032
NX,2026-03-05,-0.25,-0.09,64.0
CNNE,2026-02-23,-0.37,-1.93,-421.6216
CARE,2026-01-29,0.35,0.41,17.1429
FSUN,2026-01-26,0.85,0.95,11.7647
MATW,2026-02-03,0.05,-0.19,-480.0
SWBI,2026-03-05,0.05,0.08,60.0
MYE,2026-03-05,0.23,0.31,34.7826
ALNT,2026-03-05,0.45,0.55,22.2222
ILPT,2026-02-18,0.07,-0.03,-142.8571
SVRA,2026-03-13,-0.12,-0.13,-8.3333
COTY,2026-02-05,0.18,0.14,-22.2222
PKE,2026-05-18,0.16,0.12,-25.0
DRVN,2026-05-07,0.24,0.34,41.6667
CNA,2026-02-09,1.34,1.16,-13.4328
TRUP,2026-02-12,0.16,0.13,-18.75
AGL,2026-02-25,-6.8,-11.5,-69.1176
ADAM,2026-02-18,0.25,0.23,-8.0
AHCO,2026-02-24,0.35,-0.76,-317.1429
CEVA,2026-02-17,0.18,0.18,0.0
LCID,2026-02-24,-2.67,-3.08,-15.3558
AVBP,2026-03-05,-0.85,-0.78,8.2353
GRDN,2026-03-11,0.27,0.37,37.037
RUSHB,2026-07-29,0.69,0.81,17.3913
PRSU,2026-02-25,-0.8,-0.89,-11.25
SAFE,2026-02-11,0.41,0.42,2.439
LYTS,2026-01-22,0.22,0.26,18.1818
EIG,2026-02-19,0.5,0.66,32.0
MCB,2026-01-20,2.2,2.72,23.6364
TCBX,2026-01-21,0.89,1.02,14.6067
WVE,2026-02-26,-0.26,-0.3,-15.3846
MRTN,2026-01-27,0.03,0.05,66.6667
BHVN,2026-03-02,-1.2,-1.21,-0.8333
BETA,2026-03-09,-0.47,-1.71,-263.8298
LZ,2026-02-19,0.18,0.17,-5.5556
HTZ,2026-02-26,-0.52,-0.63,-21.1538
CDRE,2026-03-10,0.47,0.29,-38.2979
GOLD,2026-02-05,0.7,0.71,1.4286
USPH,2026-02-26,0.67,0.67,0.0
SHEN,2026-02-26,-0.15,-0.13,13.3333
EVLV,2026-03-10,-0.02,-0.03,-50.0
OIS,2026-02-20,0.1,-2.04,-2140.0
CCBG,2026-01-27,0.89,0.8,-10.1124
ABUS,2026-03-23,-0.05,-0.01,80.0
ZVRA,2026-03-09,0.05,0.19,280.0
EFOR,2026-02-04,1.18,1.15,-2.5424
BFLY,2026-02-26,-0.04,-0.02,50.0
HTFL,2026-03-18,-0.16,-0.12,25.0
STGW,2026-03-10,0.26,0.3,15.3846
BLFS,2026-02-26,0.01,0.04,300.0
SXC,2026-02-17,0.1,-0.11,-210.0
RIGL,2026-03-03,1.23,13.54,1000.813
GO,2026-03-04,0.21,0.19,-9.5238
HROW,2026-03-02,0.37,0.17,-54.0541
AMAL,2026-01-22,0.91,0.99,8.7912
NBBK,2026-01-22,0.45,0.51,13.3333
KFRC,2026-02-02,0.47,0.3,-36.1702
FBRT,2026-02-11,0.27,0.12,-55.5556
ESPR,2026-03-10,0.28,0.22,-21.4286
PGC,2026-01-29,0.63,0.71,12.6984
DC,2026-03-25,-0.11,-0.08,27.2727
NAVI,2026-01-28,0.31,0.02,-93.5484
BBSI,2026-02-25,0.64,0.64,0.0
SDGR,2026-02-25,-0.09,-0.18,-100.0
EHAB,2026-03-04,0.14,0.14,0.0
TRNS,2026-02-03,0.32,0.26,-18.75
BCAX,2026-03-30,-0.65,-0.68,-4.6154
HRTG,2026-03-09,1.61,2.15,33.5404
HYLN,2026-02-24,-0.09,-0.07,22.2222
JANX,2026-02-26,-0.64,-0.51,20.3125
TDAY,2026-02-26,-0.36,-0.21,41.6667
HNRG,2026-03-12,-0.02,0.01,150.0
NB,2026-02-06,-0.05,-0.06,-20.0
LIF,2026-03-02,0.26,0.35,34.6154
EGBN,2026-01-21,-0.01,0.25,2600.0
CARS,2026-02-26,0.55,0.44,-20.0
SMP,2026-02-26,0.49,0.56,14.2857
AMPH,2026-02-26,0.92,0.73,-20.6522
SIBN,2026-02-23,-0.13,-0.04,69.2308
APPN,2026-02-19,0.08,0.15,87.5
CPS,2026-02-12,-1.13,-1.73,-53.0973
OMDA,2026-03-05,0.03,0.16,433.3333
CCB,2026-01-29,1.02,0.82,-19.6078
SNCY,2026-02-05,0.13,0.17,30.7692
INGM,2026-03-02,0.91,0.96,5.4945
FLOC,2026-02-26,0.32,0.51,59.375
SAIL,2026-03-18,0.08,0.08,0.0
JBI,2026-03-04,0.12,0.11,-8.3333
BLMN,2026-02-25,0.24,0.26,8.3333
GLRE,2026-08-03,1.12,1.44,28.5714
BCML,2026-01-22,0.65,0.63,-3.0769
PFBC,2026-01-22,2.79,2.79,0.0
PFIS,2026-01-30,1.52,1.36,-10.5263
HBNC,2026-01-21,0.5,0.52,4.0
VIR,2026-02-23,-0.45,-0.31,31.1111
NAVN,2026-03-25,-0.23,-0.29,-26.087
CNXN,2026-02-04,0.86,0.91,5.814
FWRG,2026-02-24,0.07,0.24,242.8571
ABSI,2026-03-24,-0.17,-0.23,-35.2941
XNCR,2026-02-25,-0.58,-0.09,84.4828
LMB,2026-03-02,1.24,1.4,12.9032
FCBC,2026-01-27,0.62,0.77,24.1935
SION,2026-03-02,-0.53,-0.46,13.2075
RRBI,2026-01-30,1.61,1.73,7.4534
QDEL,2026-02-11,0.42,0.46,9.5238
OXM,2026-03-26,0.03,-0.09,-400.0
THFF,2026-02-03,1.72,1.81,5.2326
NXRT,2026-02-24,-0.39,-0.34,12.8205
FBIZ,2026-01-29,1.39,1.58,13.6691
HZO,2026-01-29,-0.08,-0.21,-162.5
HBCP,2026-01-26,1.39,1.46,5.036
AKTS,2026-05-11,-0.33,-0.38,-15.1515
UNTY,2026-01-13,1.36,1.52,11.7647
GDOT,2026-03-16,-0.1,-0.08,20.0
CCOI,2026-02-20,-0.97,-0.64,34.0206
MTUS,2026-02-19,0.03,-0.34,-1233.3333
FOXF,2026-02-26,0.15,0.2,33.3333
PAYS,2026-03-24,0.02,0.02,0.0
ATEX,2026-02-11,-0.55,-0.35,36.3636
NPCE,2026-03-03,-0.15,-0.08,46.6667
BBUC,2026-01-30,-0.15,-0.02,86.6667
PD,2026-03-12,0.25,0.29,16.0
AZTA,2026-02-04,0.13,0.09,-30.7692
EQBK,2026-01-21,1.13,1.2,6.1947
FOR,2026-01-20,0.3,0.3,0.0
MPB,2026-01-21,0.84,0.83,-1.1905
GSBC,2026-01-21,1.37,1.45,5.8394
NNE,2026-02-17,-0.3,-0.13,56.6667
EE,2026-02-25,0.36,0.29,-19.4444
CAC,2026-01-27,1.32,1.33,0.7576
OBT,2026-02-04,0.74,0.93,25.6757
BFST,2026-01-22,0.71,0.79,11.2676
ASIX,2026-02-20,-0.06,0.03,150.0
SLDB,2026-03-19,-0.51,-0.53,-3.9216
RUM,2026-03-05,-0.09,-0.13,-44.4444
AROW,2026-01-29,0.8,0.85,6.25
MMI,2026-02-13,0.22,0.34,54.5455
BKV,2026-02-25,0.3,0.75,150.0
METC,2026-02-25,-0.22,-0.26,-18.1818
NFBK,2026-02-02,0.28,0.34,21.4286
AMTB,2026-01-22,0.36,0.53,47.2222
UTL,2026-02-09,0.99,1.08,9.0909
BV,2026-02-03,0.01,-0.01,-200.0
KALV,2026-03-25,-0.53,0.94,277.3585
SMBC,2026-01-21,1.54,1.62,5.1948
EGY,2026-03-12,0.02,-0.02,-200.0
BATRA,2026-08-06,-0.5,-0.66,-32.0
WGS,2026-02-23,-0.38,-0.61,-60.5263
BTBT,2026-03-27,-0.01,-0.05,-400.0
SEPN,2026-03-09,-0.22,-0.24,-9.0909
RVLV,2026-02-24,0.18,0.26,44.4444
AMWD,2026-02-26,0.11,0.45,309.0909
MGTX,2026-03-26,-0.62,0.19,130.6452
CTOS,2026-03-10,0.06,0.13,116.6667
NECB,2026-01-28,0.85,0.79,-7.0588
BIOA,2026-03-24,-0.67,-0.72,-7.4627
CRMD,2026-03-05,0.81,0.16,-80.2469
CSV,2026-02-25,0.81,0.75,-7.4074
ACNB,2026-01-22,1.24,1.35,8.871
CBRL,2026-03-04,-0.3,0.25,183.3333
FET,2026-02-19,0.36,0.41,13.8889
TH,2026-03-11,-0.1,-0.12,-20.0
TCMD,2026-02-17,0.45,0.46,2.2222
HIPO,2026-02-25,0.49,0.67,36.7347
DRUG,2026-02-12,-1.24,-0.97,21.7742
BCAL,2026-01-28,0.43,0.5,16.2791
MAMA,2026-04-14,0.04,0.05,25.0
CLBK,2026-02-02,0.15,0.16,6.6667
MSBI,2026-01-22,0.75,0.53,-29.3333
RWT,2026-02-11,0.2,0.21,5.0
CWBC,2026-01-22,0.57,0.6,5.2632
IBCP,2026-01-22,0.84,0.88,4.7619
SBGI,2026-02-25,-0.6,0.13,121.6667
SG,2026-02-26,-0.33,-0.42,-27.2727
PAX,2026-02-03,0.45,0.5,11.1111
AEVA,2026-02-26,-0.44,-0.4,9.0909
FULC,2026-02-24,-0.3,-0.31,-3.3333
COFS,2026-01-30,0.9,0.92,2.2222
CCSI,2026-02-10,1.3,1.41,8.4615
CLB,2026-02-04,0.19,0.21,10.5263
HPP,2026-02-26,-0.47,-4.31,-817.0213
SFST,2026-01-22,1.11,1.21,9.009
BHB,2026-01-22,0.88,0.93,5.6818
AMBP,2026-02-26,-0.02,-0.03,-50.0
ADCT,2026-03-10,-0.27,-0.04,85.1852
RGR,2026-03-02,0.32,0.26,-18.75
TRC,2026-03-19,0.05,0.06,20.0
FISI,2026-01-29,0.95,0.96,1.0526
HSTM,2026-02-23,0.11,0.09,-18.1818
HOV,2026-02-25,-0.98,2.62,367.3469
KURA,2026-03-05,-0.74,-0.92,-24.3243
CASS,2026-01-22,0.64,0.62,-3.125
SANA,2026-03-03,-0.14,-0.21,-50.0
SERV,2026-03-11,-0.44,-0.34,22.7273
FSBC,2026-01-26,0.76,0.83,9.2105
MITK,2026-02-05,0.18,0.26,44.4444
RYAM,2026-03-03,-0.08,-0.27,-237.5
CCRN,2026-03-04,-0.01,-2.56,-25500.0
INN,2026-02-25,-0.15,-0.06,60.0
MAZE,2026-03-25,-0.69,-0.65,5.7971
TECX,2026-02-26,-1.11,-1.03,7.2072
BVS,2026-03-05,0.22,0.24,9.0909
BBW,2026-03-12,1.22,1.26,3.2787
CXM,2026-03-11,0.1,0.13,30.0
CCNE,2026-01-27,0.79,0.87,10.1266
IRWD,2026-02-25,0.01,-0.01,-200.0
JBSS,2026-01-29,1.36,1.53,12.5
PGY,2026-02-09,0.77,0.8,3.8961
BWB,2026-01-27,0.41,0.44,7.3171
SD,2026-03-04,0.37,0.34,-8.1081
ALRS,2026-01-28,0.57,0.85,49.1228
KE,2026-02-04,0.26,0.28,7.6923
LOCO,2026-03-12,0.2,0.25,25.0
NBN,2026-01-26,2.44,2.47,1.2295
BDN,2026-02-03,-0.23,-0.21,8.6957
WRLD,2026-01-27,0.93,-0.19,-120.4301
SABR,2026-02-18,-0.05,-0.01,80.0
HTLD,2026-02-03,-0.09,-0.25,-177.7778
ACEL,2026-03-03,0.2,0.29,45.0
EVER,2026-02-23,0.54,1.68,211.1111
IHRT,2026-03-02,0.13,-0.26,-300.0
CIVB,2026-01-29,0.62,0.75,20.9677
VSTM,2026-03-04,-0.5,-0.46,8.0
IMXI,2026-03-06,0.44,0.42,-4.5455
RES,2026-02-03,0.06,0.04,-33.3333
ORIC,2026-02-23,-0.37,-0.3,18.9189
ARKO,2026-02-25,-0.01,0.0,100.0
INDI,2026-02-19,-0.07,-0.07,0.0
AMSF,2026-02-25,0.6,0.51,-15.0
CLFD,2026-02-04,-0.05,-0.04,20.0
CBLL,2026-02-24,-0.41,-0.36,12.1951
FIP,2026-02-26,-0.43,-1.06,-146.5116
WTI,2026-03-09,-0.12,-0.14,-16.6667
NGNE,2026-03-24,-1.24,-1.13,8.871
ACTG,2026-03-11,-0.14,0.03,121.4286
MLR,2026-03-04,0.08,0.29,262.5
MCW,2026-02-18,0.1,0.11,10.0
MVBF,2026-02-12,0.32,0.31,-3.125
QNST,2026-02-05,0.2,0.24,20.0
IBTA,2026-02-25,0.35,0.29,-17.1429
MBUU,2026-02-05,0.02,-0.02,-200.0
NUTX,2026-03-05,5.56,1.62,-70.8633
GCMG,2026-02-10,0.24,0.31,29.1667
HELE,2026-01-08,1.68,1.71,1.7857
ARVN,2026-02-24,-0.57,-1.1,-92.9825
PRAA,2026-02-26,0.5,1.46,192.0
CWCO,2026-03-16,0.28,0.76,171.4286
FRBA,2026-01-26,0.49,0.49,0.0
PAR,2026-02-26,0.03,0.06,100.0
DSGN,2026-03-09,-0.35,-0.27,22.8571
TREE,2026-03-02,0.87,-0.39,-144.8276
CERT,2026-02-26,0.1,0.09,-10.0
SPRY,2026-03-09,-0.48,-0.42,12.5
PANL,2026-03-10,0.23,0.16,-30.4348
MLAB,2026-02-03,1.47,1.76,19.7279
ONT,2026-02-25,0.19,0.35,84.2105
HBT,2026-01-26,0.64,0.64,0.0
LBRDA,2026-08-06,1.64,-22.21,-1454.2683
AQST,2026-03-04,-0.13,-0.26,-100.0
KMTS,2026-03-17,-0.6,-0.4,33.3333
SPFI,2026-01-26,0.85,0.9,5.8824
OOMA,2026-03-04,0.11,0.14,27.2727
CTO,2026-02-19,0.02,0.82,4000.0
FRST,2026-01-29,0.34,0.1,-70.5882
CYRX,2026-03-03,-0.21,-0.17,19.0476
VEL,2026-03-11,0.64,0.89,39.0625
PAHC,2026-02-04,0.67,0.87,29.8507
MNRO,2026-01-28,0.14,0.16,14.2857
AVAH,2026-03-19,0.16,0.17,6.25
IPI,2026-03-04,0.33,0.49,48.4848
ABAT,2026-02-05,-0.05,-0.07,-40.0
FSBW,2026-01-21,1.13,0.97,-14.1593
EBF,2026-04-20,0.38,0.3,-21.0526
CLPT,2026-03-17,-0.2,-0.27,-35.0
WTBA,2026-01-29,0.57,0.43,-24.5614
IIIN,2026-01-15,0.33,0.39,18.1818
FDMT,2026-03-18,-0.53,0.43,181.1321
OSPN,2026-02-26,0.29,0.36,24.1379
DIN,2026-02-25,1.06,1.46,37.7358
MRVI,2026-02-25,-0.07,-0.04,42.8571
ASPI,2026-04-10,-0.14,-0.41,-192.8571
MCFT,2026-02-05,0.16,0.29,81.25
SHBI,2026-01-28,0.47,0.48,2.1277
AVO,2026-03-12,0.07,0.1,42.8571
FFIC,2026-01-27,0.35,0.32,-8.5714
SRTA,2026-03-03,-0.01,-0.06,-500.0
CLDT,2026-02-25,-0.14,0.05,135.7143
ACIC,2026-02-19,0.42,0.52,23.8095
NIQ,2026-02-27,0.29,0.2,-31.0345
ZUMZ,2026-03-12,1.08,1.16,7.4074
ONIT,2026-02-12,2.46,14.35,483.3333
GEVO,2026-03-05,-0.03,-0.01,66.6667
MEI,2026-03-05,-0.2,-0.37,-85.0
TRTX,2026-02-17,0.25,0.24,-4.0
KRNY,2026-01-22,0.16,0.15,-6.25
ANNX,2026-03-30,-0.32,-0.28,12.5
ERII,2026-02-25,0.67,0.53,-20.8955
TDUP,2026-03-02,-0.04,-0.04,0.0
JMSB,2026-01-28,0.39,0.42,7.6923
REPL,2026-02-03,-0.82,-0.77,6.0976
MCS,2026-02-26,0.14,0.19,35.7143
GOOD,2026-02-18,0.02,0.05,150.0
PSIX,2026-03-02,0.65,0.71,9.2308
EVH,2026-02-24,0.05,0.08,60.0
AMC,2026-02-23,-0.25,-0.18,28.0
REPX,2026-03-04,0.83,1.01,21.6867
MATV,2026-02-18,0.09,0.15,66.6667
BOW,2026-02-24,0.45,0.44,-2.2222
GRPN,2026-03-10,0.14,0.17,21.4286
MDXG,2026-02-25,0.11,0.14,27.2727
CZNC,2026-01-28,0.59,0.57,-3.3898
CAL,2026-03-19,-0.4,-0.06,85.0
MOV,2026-03-19,0.54,0.57,5.5556
EBS,2026-02-26,0.11,-0.43,-490.9091
DGICA,2026-02-19,0.53,0.5,-5.6604
CYH,2026-02-18,-0.05,-0.01,80.0
FMAO,2026-02-12,0.66,0.71,7.5758
SLDP,2026-02-24,-0.16,-0.14,12.5
OEC,2026-02-17,-0.08,-0.34,-325.0
RM,2026-02-04,1.29,1.3,0.7752
ROOT,2026-02-25,-0.44,0.31,170.4545
IIIV,2026-02-05,0.24,0.26,8.3333
PHR,2026-03-30,0.06,0.02,-66.6667
MTW,2026-02-09,0.27,0.26,-3.7037
OPK,2026-02-26,-0.07,-0.04,42.8571
UHAL,2026-02-04,-0.2,-0.23,-15.0
LXFR,2026-02-24,0.24,0.28,16.6667
VTS,2026-03-02,0.1,-0.03,-130.0
BMRC,2026-01-26,0.52,0.52,0.0
ASAN,2026-03-02,0.07,0.08,14.2857
PHAT,2026-02-26,-0.38,-0.29,23.6842
RDVT,2026-03-04,0.14,0.21,50.0
RBB,2026-01-26,0.49,0.59,20.4082
ETD,2026-01-28,0.38,0.44,15.7895
TITN,2026-03-19,-1.0,-1.43,-43.0
WASH,2026-01-28,0.75,0.83,10.6667
GIC,2026-02-24,0.32,0.38,18.75
PACK,2026-03-05,-0.02,-0.04,-100.0
DBI,2026-03-26,-0.5,-0.31,38.0
EVCM,2026-03-12,0.15,0.11,-26.6667
CMCL,2026-03-23,0.59,0.56,-5.0847
GRNT,2026-03-05,0.1,0.01,-90.0
CVGW,2026-01-14,0.37,0.25,-32.4324
VMD,2026-03-04,0.13,0.14,7.6923
OFIX,2026-02-24,0.42,0.24,-42.8571
BXC,2026-02-24,-0.42,-0.47,-11.9048
CRNC,2026-02-04,0.02,-0.12,-700.0
DSGR,2026-03-05,0.19,-0.14,-173.6842
LXEO,2026-03-30,-0.3,-0.27,10.0
BWMN,2026-03-04,0.39,0.45,15.3846
FPI,2026-02-18,0.18,0.19,5.5556
UTZ,2026-02-12,0.27,-0.03,-111.1111
BFS,2026-02-27,0.27,0.15,-44.4444
OLP,2026-03-05,0.18,0.1,-44.4444
PUBM,2026-02-26,0.15,0.29,93.3333
BBNX,2026-02-17,-0.4,-0.3,25.0
ACCO,2026-03-09,0.38,0.38,0.0
AIOT,2026-02-09,0.04,0.02,-50.0
AMPL,2026-02-18,0.05,0.04,-20.0
DFH,2026-02-23,0.64,0.58,-9.375
UWMC,2026-02-25,0.09,0.08,-11.1111
KREF,2026-02-03,0.13,0.22,69.2308
CTKB,2026-02-26,-0.04,-0.34,-750.0
PRTA,2026-02-19,-0.46,-0.46,0.0
XPER,2026-02-25,0.18,0.24,33.3333
GCO,2026-03-06,3.59,3.74,4.1783
VREX,2026-02-10,0.13,0.19,46.1538
CENT,2026-02-04,0.14,0.21,50.0
CMCO,2026-02-09,0.58,0.62,6.8966
DDD,2026-03-09,-0.09,-0.13,-44.4444
KELYA,2026-02-12,0.44,0.16,-63.6364
LMNR,2026-03-12,-0.33,-0.48,-45.4545
NGVC,2026-02-05,0.46,0.49,6.5217
CWH,2026-02-24,-0.57,-1.07,-87.7193
AEBI,2026-03-19,0.26,0.34,30.7692
SB,2026-02-18,0.14,0.14,0.0
CSTL,2026-02-26,-0.26,-0.08,69.2308
SSTK,2026-02-17,1.13,0.67,-40.708
HY,2026-03-03,-2.0,-2.96,-48.0
CERS,2026-03-02,-0.01,-0.01,0.0
CMT,2026-03-10,0.23,0.36,56.5217
YORW,2026-05-05,0.31,0.33,6.4516
CHCT,2026-07-28,0.11,0.51,363.6364
GRND,2026-03-02,0.12,0.1,-16.6667
TBCH,2026-03-12,1.12,0.98,-12.5
INBK,2026-01-29,0.57,0.64,12.2807
VNDA,2026-02-11,-1.32,-2.39,-81.0606
RGNX,2026-03-05,-0.84,-1.3,-54.7619
AHRT,2026-02-16,0.03,-0.01,-133.3333
PLAY,2026-03-31,0.46,-0.35,-176.087
APPS,2026-02-03,0.12,0.18,50.0
FC,2026-01-07,0.13,0.04,-69.2308
HVT,2026-02-24,0.48,0.51,6.25
ALIT,2026-02-19,0.23,0.18,-21.7391
PRTH,2026-03-10,0.28,0.27,-3.5714
RPD,2026-02-10,0.41,0.44,7.3171
PLTK,2026-02-26,0.22,0.24,9.0909
RPAY,2026-03-09,0.21,0.19,-9.5238
FWRD,2026-02-23,-0.26,-0.19,26.9231
CATX,2026-03-16,-0.35,-0.51,-45.7143
EPM,2026-02-10,0.01,0.1,900.0
POWW,2026-02-09,-0.01,0.01,200.0
SVV,2026-02-19,0.15,0.15,0.0
AMCX,2026-02-11,0.66,0.64,-3.0303
OLPX,2026-03-05,0.01,0.01,0.0
NABL,2026-02-19,0.1,0.06,-40.0
FN,2026-02-02,3.25,3.36,3.3846
RF,2026-01-16,0.61,0.57,-6.5574
AM,2026-02-11,0.27,0.28,3.7037
KRMN,2026-03-25,0.11,0.11,0.0
KRUS,2026-01-07,-0.16,-0.23,-43.75
ZWS,2026-02-03,0.34,0.36,5.8824
ALLO,2026-03-12,-0.22,-0.17,22.7273
ENTA,2026-02-09,-0.88,-0.42,52.2727
WEAV,2026-02-19,0.04,0.03,-25.0
STAG,2026-02-11,0.24,0.25,4.1667
ONON,2026-03-03,0.21,0.25,19.0476
WEST,2026-03-10,-0.19,-0.23,-21.0526
INSW,2026-02-26,1.97,2.45,24.3655
CDXS,2026-03-11,-0.04,0.14,450.0
INSE,2026-03-10,0.21,-0.18,-185.7143
WULF,2026-02-26,-0.16,-0.27,-68.75
ARES,2026-02-05,1.69,1.45,-14.2012
BHR,2026-02-26,-0.51,-0.67,-31.3725
PACB,2026-02-12,-0.13,-0.12,7.6923
RC,2026-02-26,-0.14,-0.43,-207.1429
MGM,2026-02-05,0.52,1.6,207.6923
ATR,2026-02-05,1.23,1.25,1.626
FLWS,2026-01-29,0.86,1.2,39.5349
FE,2026-02-17,0.53,0.53,0.0
KLC,2026-03-12,0.09,0.12,33.3333
CNDT,2026-02-12,-0.02,-0.09,-350.0
KRRO,2026-03-12,-2.14,-1.65,22.8972
FIS,2026-02-24,1.69,1.68,-0.5917
EU,2026-03-31,-0.09,-0.15,-66.6667
NRDS,2026-02-25,0.29,0.15,-48.2759
NFE,2026-04-13,-1.08,-0.65,39.8148
WYNN,2026-02-12,1.48,1.17,-20.9459
BCBP,2026-01-30,-0.46,-0.73,-58.6957
SSP,2026-02-25,-0.19,-0.51,-168.4211
TTEK,2026-01-28,0.31,0.35,12.9032
ST,2026-02-19,0.86,0.88,2.3256
FSS,2026-02-25,1.1,1.16,5.4545
NNN,2026-02-11,0.5,0.51,2.0
ONB,2026-01-21,0.59,0.62,5.0847
ADEA,2026-02-23,0.75,0.86,14.6667
ALT,2026-03-05,-0.24,-0.27,-12.5
RNA,2026-02-23,-1.26,-1.59,-26.1905
IMMR,2026-03-12,0.08,-0.22,-375.0
MDB,2026-03-02,-0.03,0.18,700.0
FR,2026-02-04,0.42,0.59,40.4762
LPRO,2026-03-12,0.01,0.01,0.0
QBTS,2026-02-26,-0.06,-0.09,-50.0
CAVA,2026-02-24,0.03,0.04,33.3333
OPTU,2026-02-12,-0.01,-0.15,-1400.0
REFI,2026-03-12,0.4,0.38,-5.0
RCKT,2026-02-26,-0.42,-0.38,9.5238
TPL,2026-02-18,3.6,1.79,-50.2778
CMS,2026-02-05,0.94,0.95,1.0638
HXL,2026-01-28,0.49,0.52,6.1224
SEAT,2026-03-12,-1.75,-1.43,18.2857
RPC,2026-02-12,0.24,0.26,8.3333
CRCT,2026-03-03,0.03,0.04,33.3333
GNW,2026-05-05,0.2,0.28,40.0
MBI,2026-02-26,-0.13,-0.24,-84.6154
SYF,2026-01-27,2.02,2.18,7.9208
VEEV,2026-03-04,1.94,2.06,6.1856
SEG,2026-03-04,-0.82,-1.37,-67.0732
GNE,2026-05-01,0.07,0.14,100.0
LAB,2026-02-24,-0.07,0.05,171.4286
NFG,2026-01-28,1.92,2.06,7.2917
ALDX,2026-02-27,0.16,-0.1,-162.5
RMNI,2026-02-19,0.08,0.06,-25.0
TEAD,2026-03-05,-0.09,0.1,211.1111
SSD,2026-02-09,1.26,1.33,5.5556
SIG,2026-03-19,6.11,6.25,2.2913
UPB,2026-03-26,-0.7,-0.78,-11.4286
XRX,2026-01-29,0.1,-0.1,-200.0
MNTK,2026-03-11,0.01,0.02,100.0
PSTL,2026-02-24,0.1,0.2,100.0
COCO,2026-02-18,0.12,0.14,16.6667
AAL,2026-01-27,0.35,0.16,-54.2857
SFIX,2026-03-11,-0.04,-0.02,50.0
ZIP,2026-02-25,0.1,0.1,0.0
WST,2026-02-12,1.83,2.04,11.4754
MAX,2026-02-23,0.4,2.33,482.5
ALB,2026-02-11,-0.49,-0.53,-8.1633
CLMB,2026-02-25,0.32,0.38,18.75
CVRX,2026-02-12,-0.44,-0.46,-4.5455
KTB,2026-03-03,1.64,1.73,5.4878
DNUT,2026-02-26,0.04,0.09,125.0
MHO,2026-01-28,3.88,2.39,-38.4021
ULCC,2026-02-11,0.13,0.23,76.9231
ACH,2026-02-19,-0.13,-0.73,-461.5385
ULH,2026-03-13,-0.05,0.14,380.0
PPG,2026-01-27,1.58,1.51,-4.4304
SITC,2026-02-26,-0.16,2.55,1693.75
SVC,2026-02-25,-0.3,0.0,100.0
JRVR,2026-03-02,0.42,0.3,-28.5714
CBAN,2026-01-28,0.46,0.48,4.3478
RGP,2026-01-07,0.04,0.06,50.0
SKIN,2026-03-12,-0.05,-0.06,-20.0
DH,2026-02-26,0.06,0.06,0.0
CMTG,2026-02-18,-0.1,-1.56,-1460.0
MKL,2026-02-04,25.73,37.41,45.3945
VYGR,2026-03-09,-0.53,-0.47,11.3208
ULTA,2026-03-12,8.04,8.01,-0.3731
AKAM,2026-02-19,1.75,1.84,5.1429
ORA,2026-02-25,0.64,0.67,4.6875
BETR,2026-03-13,-2.16,-2.53,-17.1296
SM,2026-02-25,0.83,0.83,0.0
ARHS,2026-02-26,0.09,0.11,22.2222
CABO,2026-02-26,10.42,10.41,-0.096
RCEL,2026-02-12,-0.55,-0.54,1.8182
ASUR,2026-02-26,0.26,0.31,19.2308
JOUT,2026-02-06,-0.45,-0.33,26.6667
DXCM,2026-02-12,0.65,0.68,4.6154
MXL,2026-01-29,0.18,0.19,5.5556
TMCI,2026-02-27,-0.14,-0.08,42.8571
CHRS,2026-03-09,-0.36,-0.31,13.8889
MASI,2026-02-27,1.29,1.23,-4.6512
DVA,2026-02-02,3.19,3.4,6.5831
SPT,2026-02-26,0.16,0.2,25.0
LEA,2026-02-04,2.8,3.41,21.7857
CMC,2026-01-08,1.5,1.84,22.6667
PTLO,2026-02-24,0.06,0.17,183.3333
TRDA,2026-02-26,-1.16,-0.94,18.9655
STRZ,2026-02-26,-0.67,-0.47,29.8507
YEXT,2026-03-09,0.14,0.14,0.0
AURA,2026-03-30,-0.43,-0.37,13.9535
FLGT,2026-02-27,0.03,0.16,433.3333
DCGO,2026-03-16,-0.34,-1.68,-394.1176
AVIR,2026-03-05,-0.48,-0.57,-18.75
LOVE,2026-03-26,2.18,2.23,2.2936
OSUR,2026-02-25,-0.15,-0.19,-26.6667
VECO,2026-02-25,0.26,0.24,-7.6923
LPLA,2026-01-29,4.9,5.23,6.7347
FSLR,2026-02-24,5.17,4.84,-6.383
NCMI,2026-02-26,0.27,0.28,3.7037
NTAP,2026-02-26,2.06,2.12,2.9126
AVXL,2026-02-09,-0.11,-0.06,45.4545
BOX,2026-03-03,0.02,0.47,2250.0
DMRC,2026-03-11,-0.01,0.05,600.0
JACK,2026-02-18,1.11,1.0,-9.9099
NUS,2026-02-12,0.3,0.29,-3.3333
CHD,2026-01-30,0.83,0.86,3.6145
SLQT,2026-02-05,0.28,0.29,3.5714
BMBL,2026-03-11,0.23,-4.06,-1865.2174
AWI,2026-02-24,1.68,1.61,-4.1667
CRBG,2026-02-09,1.11,1.22,9.9099
BBBY,2026-02-23,-0.21,-0.16,23.8095
HDSN,2026-03-04,-0.08,-0.13,-62.5
SPOK,2026-02-25,0.18,0.14,-22.2222
ATNI,2026-03-04,0.03,-0.26,-966.6667
EOLS,2026-03-03,0.04,0.01,-75.0
ASLE,2026-03-05,0.2,0.16,-20.0
HCAT,2026-03-12,0.1,0.08,-20.0
XRN,2026-02-25,0.13,-0.02,-115.3846
CMPX,2026-03-05,-0.09,-0.09,0.0
GETY,2026-03-16,0.02,-0.01,-150.0
QSI,2026-03-03,-0.13,-0.08,38.4615
CZFS,2026-01-29,2.07,2.18,5.314
MED,2026-02-17,-0.82,-1.65,-101.2195
BOC,2026-03-30,-0.03,-0.22,-633.3333
CALM,2026-01-07,1.94,2.13,9.7938
MYGN,2026-02-23,-0.02,0.04,300.0
TROW,2026-02-04,2.46,2.44,-0.813
UEC,2026-03-10,-0.05,-0.03,40.0
ESE,2026-02-05,1.32,1.64,24.2424
FATE,2026-02-26,-0.27,-0.27,0.0
KROS,2026-03-04,-0.45,-0.86,-91.1111
OPRX,2026-03-05,0.22,0.51,131.8182
KRYS,2026-02-17,1.61,1.7,5.5901
BYRN,2026-02-05,0.13,0.14,7.6923
ACRE,2026-02-10,-0.02,0.15,850.0
MVST,2026-03-16,0.02,-0.11,-650.0
LAND,2026-02-24,0.13,0.07,-46.1538
SLP,2026-01-08,0.2,0.13,-35.0
LAW,2026-02-25,-0.05,-0.04,20.0
AGNT,2026-02-24,0.03,-0.01,-133.3333
IDA,2026-02-19,0.73,0.78,6.8493
RMAX,2026-02-19,0.28,0.3,7.1429
FDS,2026-03-31,4.38,4.46,1.8265
OABI,2026-03-04,-0.09,-0.11,-22.2222
ASPN,2026-02-25,-0.22,-0.34,-54.5455
ANIK,2026-02-26,0.02,0.31,1450.0
KIDS,2026-02-26,-0.29,-0.26,10.3448
ORGO,2026-02-26,0.21,0.4,90.4762
MYRG,2026-02-25,1.86,2.33,25.2688
JEF,2026-01-07,0.8,0.96,20.0
WTS,2026-02-11,2.34,2.62,11.9658
JAKK,2026-02-19,-1.01,-0.18,82.1782
EVGO,2026-03-03,-0.14,0.09,164.2857
HLNE,2026-02-03,1.33,1.55,16.5414
TAP,2026-02-18,1.15,1.21,5.2174
OSK,2026-01-29,2.31,2.26,-2.1645
AXS,2026-01-28,3.12,3.25,4.1667
CRSR,2026-02-12,0.27,0.43,59.2593
ACDC,2026-03-13,-0.44,-0.45,-2.2727
HRTX,2026-02-26,-0.03,-0.02,33.3333
BLDR,2026-02-17,1.28,1.12,-12.5
NKTX,2026-03-25,-0.29,-0.37,-27.5862
BSRR,2026-02-02,0.87,0.97,11.4943
NXDR,2026-02-18,-0.02,-0.01,50.0
ADC,2026-02-10,0.47,0.47,0.0
WWD,2026-02-02,1.65,2.17,31.5152
FLR,2026-02-17,0.36,-9.87,-2841.6667
RMR,2026-02-04,0.19,0.2,5.2632
HSIC,2026-02-24,1.29,1.34,3.876
BLND,2026-03-10,0.01,0.03,200.0
BHE,2026-02-03,0.64,0.71,10.9375
USNA,2026-02-17,0.41,0.6,46.3415
FUBO,2026-02-05,0.18,-1.59,-983.3333
GOSS,2026-03-17,-0.2,-0.21,-5.0
APGE,2026-03-02,-1.04,-1.03,0.9615
ARE,2026-01-26,0.3,-6.35,-2216.6667
HNST,2026-02-25,0.02,0.01,-50.0
BGS,2026-03-03,0.3,0.28,-6.6667
PRME,2026-03-03,-0.26,-0.24,7.6923
MVIS,2026-03-04,-0.05,-0.12,-140.0
CLW,2026-02-18,-0.53,-0.42,20.7547
ATI,2026-02-03,0.86,0.93,8.1395
PBI,2026-02-17,0.39,0.45,15.3846
XPO,2026-02-05,0.76,0.88,15.7895
MASS,2026-03-03,-0.07,0.1,242.8571
WFRD,2026-02-03,1.42,1.91,34.507
XPOF,2026-02-26,-0.19,-1.17,-515.7895
SSTI,2026-03-03,-0.18,-0.2,-11.1111
VOYA,2026-02-03,2.08,1.94,-6.7308
AVA,2026-02-25,1.02,0.87,-14.7059
LRMR,2026-03-19,-0.55,-0.73,-32.7273
RICK,2026-02-10,1.81,-0.63,-134.8066
DSP,2026-03-11,0.24,0.22,-8.3333
CRMT,2026-03-12,-0.26,-1.53,-488.4615
OGN,2026-02-12,0.73,0.63,-13.6986
BTSG,2026-02-27,0.3,0.35,16.6667
PBF,2026-02-12,-0.11,0.49,545.4545
IVR,2026-01-29,0.56,0.56,0.0
FHB,2026-01-30,0.55,0.56,1.8182
PAG,2026-02-11,3.09,2.85,-7.767
GLIBA,2026-02-11,1.0,0.34,-66.0
GFF,2026-02-05,1.33,1.45,9.0226
AKBA,2026-02-26,-0.06,-0.05,16.6667
ECG,2026-02-24,0.77,1.08,40.2597
JELD,2026-02-17,-0.29,-0.42,-44.8276
QRVO,2026-01-27,1.86,2.17,16.6667
TBI,2026-02-18,-0.05,-0.25,-400.0
FUL,2026-01-14,1.21,1.28,5.7851
TWI,2026-02-26,-0.28,-0.27,3.5714
GTN,2026-02-26,-0.11,-0.15,-36.3636
H,2026-02-12,0.38,1.33,250.0
QTRX,2026-03-02,-0.48,-0.47,2.0833
ZBIO,2026-03-16,-1.19,-1.39,-16.8067
MXCT,2026-03-24,-0.08,-0.06,25.0
REAX,2026-03-04,-0.03,-0.02,33.3333
SNBR,2026-03-12,-0.55,-2.55,-363.6364
MGPI,2026-02-25,0.5,0.63,26.0
HWKN,2026-01-28,0.72,0.7,-2.7778
DRI,2026-03-19,2.94,2.95,0.3401
AVNW,2026-02-03,0.5,0.54,8.0
PII,2026-01-27,0.04,0.08,100.0
HUMA,2026-03-27,-0.13,-0.13,0.0
VICR,2026-02-19,0.37,1.01,172.973
CFR,2026-01-29,2.47,2.56,3.6437
VITL,2026-02-26,0.39,0.35,-10.2564
EMBC,2026-02-05,0.67,0.71,5.9701
PLXS,2026-01-28,1.73,1.78,2.8902
CLNE,2026-02-24,-0.04,0.0,100.0
DOMO,2026-03-10,-0.03,0.03,200.0
INGN,2026-02-24,-0.18,-0.15,16.6667
OSG,2026-02-23,-0.2,-0.02,90.0
WNC,2026-02-04,-0.76,-0.93,-22.3684
KFY,2026-03-09,1.24,1.28,3.2258
WAL,2026-01-27,2.38,2.59,8.8235
GKOS,2026-02-17,-0.2,-0.28,-40.0
CHRD,2026-02-25,1.24,1.48,19.3548
FNKO,2026-03-12,0.04,0.05,25.0
ARCT,2026-03-03,-0.76,-1.03,-35.5263
CMRC,2026-02-12,0.07,0.07,0.0
SPHR,2026-02-12,-0.26,1.23,573.0769
MYPS,2026-03-16,-0.02,-0.07,-250.0
EGHT,2026-02-03,0.09,0.12,33.3333
GDYN,2026-03-05,0.09,0.1,11.1111
ALHC,2026-02-26,-0.15,-0.05,66.6667
WOOF,2026-03-11,0.01,-0.01,-200.0
PHM,2026-01-29,2.83,2.56,-9.5406
VSAT,2026-02-05,0.24,0.79,229.1667
WTW,2026-02-03,7.93,8.12,2.396
MANH,2026-01-27,1.13,1.21,7.0796
CPAY,2026-02-04,5.94,6.04,1.6835
VRSK,2026-02-18,1.61,1.82,13.0435
PSFE,2026-03-03,0.36,0.46,27.7778
OMC,2026-02-18,2.94,2.59,-11.9048
BOOM,2026-02-23,-0.12,-0.5,-316.6667
NAGE,2026-03-04,0.02,0.03,50.0
NPO,2026-02-18,1.91,1.99,4.1885
RBBN,2026-02-05,0.11,0.59,436.3636
NEWT,2026-01-29,0.66,0.65,-1.5152
SCVL,2026-03-26,0.33,0.33,0.0
ILMN,2026-02-05,1.23,1.35,9.7561
EDIT,2026-03-09,-0.21,-0.06,71.4286
UIS,2026-02-24,0.69,0.86,24.6377
INR,2026-03-10,0.63,0.02,-96.8254
ADV,2026-03-03,2.75,-0.45,-116.3636
NI,2026-02-11,0.5,0.51,2.0
BHF,2026-02-23,5.19,3.7,-28.7091
APPF,2026-01-29,1.25,1.39,11.2
