Ticker,Name,Sector
NVDA,NVIDIA CORP,Information Technology
AAPL,APPLE INC,Information Technology
MSFT,MICROSOFT CORP,Information Technology
AMZN,AMAZON.COM INC,Consumer Discretionary
GOOGL,ALPHABET INC CLASS A,Communication
AVGO,BROADCOM INC,Information Technology
GOOG,ALPHABET INC CLASS C,Communication
META,META PLATFORMS INC CLASS A,Communication
TSLA,TESLA INC,Consumer Discretionary
MU,MICRON TECHNOLOGY INC,Information Technology
JPM,JPMORGAN CHASE & CO,Financials
LLY,ELI LILLY,Health Care
AMD,ADVANCED MICRO DEVICES INC,Information Technology
XOM,EXXON MOBIL CORP,Energy
WMT,WALMART INC,Consumer Staples
JNJ,JOHNSON & JOHNSON,Health Care
V,VISA INC CLASS A,Financials
INTC,INTEL CORPORATION CORP,Information Technology
COST,COSTCO WHOLESALE CORP,Consumer Staples
CAT,CATERPILLAR INC,Industrials
CSCO,CISCO SYSTEMS INC,Information Technology
MA,MASTERCARD INC CLASS A,Financials
LRCX,LAM RESEARCH CORP,Information Technology
NFLX,NETFLIX INC,Communication
ABBV,ABBVIE INC,Health Care
UNH,UNITEDHEALTH GROUP INC,Health Care
CVX,CHEVRON CORP,Energy
AMAT,APPLIED MATERIAL INC,Information Technology
PG,PROCTER & GAMBLE,Consumer Staples
BAC,BANK OF AMERICA CORP,Financials
ORCL,ORACLE CORP,Information Technology
KO,COCA-COLA,Consumer Staples
GE,GE AEROSPACE,Industrials
HD,HOME DEPOT INC,Consumer Discretionary
PM,PHILIP MORRIS INTERNATIONAL INC,Consumer Staples
GEV,GE VERNOVA INC,Industrials
PLTR,PALANTIR TECHNOLOGIES INC CLASS A,Information Technology
MRK,MERCK & CO INC,Health Care
GS,GOLDMAN SACHS GROUP INC,Financials
TXN,TEXAS INSTRUMENT INC,Information Technology
KLAC,KLA CORP,Information Technology
LIN,LINDE PLC,Materials
RTX,RTX CORP,Industrials
QCOM,QUALCOMM INC,Information Technology
WFC,WELLS FARGO,Financials
MS,MORGAN STANLEY,Financials
C,CITIGROUP INC,Financials
ADI,ANALOG DEVICES INC,Information Technology
SNDK,SANDISK CORP,Information Technology
PEP,PEPSICO INC,Consumer Staples
IBM,INTERNATIONAL BUSINESS MACHINES CO,Information Technology
VZ,VERIZON COMMUNICATIONS INC,Communication
NEE,NEXTERA ENERGY INC,Utilities
MCD,MCDONALDS CORP,Consumer Discretionary
DIS,WALT DISNEY,Communication
PANW,PALO ALTO NETWORKS INC,Information Technology
BA,BOEING,Industrials
AMGN,AMGEN INC,Health Care
T,AT&T INC,Communication
TMO,THERMO FISHER SCIENTIFIC INC,Health Care
WDC,WESTERN DIGITAL CORP,Information Technology
AXP,AMERICAN EXPRESS,Financials
BLK,BLACKROCK INC,Financials
GILD,GILEAD SCIENCES INC,Health Care
TJX,TJX INC,Consumer Discretionary
GLW,CORNING INC,Information Technology
ETN,EATON PLC,Industrials
UNP,UNION PACIFIC CORP,Industrials
ISRG,INTUITIVE SURGICAL INC,Health Care
SCHW,CHARLES SCHWAB CORP,Financials
APH,AMPHENOL CORP CLASS A,Information Technology
WELL,WELLTOWER INC,Real Estate
CRM,SALESFORCE INC,Information Technology
UBER,UBER TECHNOLOGIES INC,Industrials
MRVL,MARVELL TECHNOLOGY INC,Information Technology
PFE,PFIZER INC,Health Care
ABT,ABBOTT LABORATORIES,Health Care
ANET,ARISTA NETWORKS INC,Information Technology
COP,CONOCOPHILLIPS,Energy
DE,DEERE,Industrials
VRT,VERTIV HOLDINGS CLASS A,Industrials
CRWD,CROWDSTRIKE HOLDINGS INC CLASS A,Information Technology
HON,HONEYWELL INTERNATIONAL INC,Industrials
PLD,PROLOGIS REIT INC,Real Estate
NEM,NEWMONT,Materials
BKNG,BOOKING HOLDINGS INC,Consumer Discretionary
SPGI,S&P GLOBAL INC,Financials
LOW,LOWES COMPANIES INC,Consumer Discretionary
CVS,CVS HEALTH CORP,Health Care
SBUX,STARBUCKS CORP,Consumer Discretionary
MO,ALTRIA GROUP INC,Consumer Staples
CB,CHUBB,Financials
VRTX,VERTEX PHARMACEUTICALS INC,Health Care
PGR,PROGRESSIVE CORP,Financials
BMY,BRISTOL MYERS SQUIBB,Health Care
PWR,QUANTA SERVICES INC,Industrials
PH,PARKER-HANNIFIN CORP,Industrials
COF,CAPITAL ONE FINANCIAL CORP,Financials
HWM,HOWMET AEROSPACE INC,Industrials
APP,APPLOVIN CORP CLASS A,Information Technology
LMT,LOCKHEED MARTIN CORP,Industrials
CME,CME GROUP INC CLASS A,Financials
EQIX,EQUINIX REIT INC,Real Estate
TT,TRANE TECHNOLOGIES PLC,Industrials
DHR,DANAHER CORP,Health Care
SYK,STRYKER CORP,Health Care
SO,SOUTHERN,Utilities
INTU,INTUIT INC,Information Technology
ACN,ACCENTURE PLC CLASS A,Information Technology
CMI,CUMMINS INC,Industrials
MDT,MEDTRONIC PLC,Health Care
SNPS,SYNOPSYS INC,Information Technology
ADBE,ADOBE INC,Information Technology
CDNS,CADENCE DESIGN SYSTEMS INC,Information Technology
DUK,DUKE ENERGY CORP,Utilities
FCX,FREEPORT MCMORAN INC,Materials
BK,BANK OF NEW YORK MELLON CORP,Financials
WMB,WILLIAMS INC,Energy
TMUS,T MOBILE US INC,Communication
MCK,MCKESSON CORP,Health Care
NOW,SERVICENOW INC,Information Technology
CMCSA,COMCAST CORP CLASS A,Communication
BX,BLACKSTONE INC,Financials
ELV,ELEVANCE HEALTH INC,Health Care
ICE,INTERCONTINENTAL EXCHANGE INC,Financials
JCI,JOHNSON CONTROLS INTERNATIONAL PLC,Industrials
GD,GENERAL DYNAMICS CORP,Industrials
CEG,CONSTELLATION ENERGY CORP,Utilities
ADP,AUTOMATIC DATA PROCESSING INC,Industrials
CSX,CSX CORP,Industrials
SLB,SLB NV,Energy
USB,US BANCORP,Financials
CIEN,CIENA CORP,Information Technology
PNC,PNC FINANCIAL SERVICES GROUP INC,Financials
AMT,AMERICAN TOWER REIT CORP,Real Estate
WM,WASTE MANAGEMENT INC,Industrials
MDLZ,MONDELEZ INTERNATIONAL INC CLASS A,Consumer Staples
CI,CIGNA,Health Care
FDX,FEDEX CORP,Industrials
MMM,3M,Industrials
BSX,BOSTON SCIENTIFIC CORP,Health Care
EMR,EMERSON ELECTRIC,Industrials
MAR,MARRIOTT INTERNATIONAL INC CLASS A,Consumer Discretionary
MRSH,MARSH INC,Financials
MPWR,MONOLITHIC POWER SYSTEMS INC,Information Technology
DELL,DELL TECHNOLOGIES INC CLASS C,Information Technology
ORLY,OREILLY AUTOMOTIVE INC,Consumer Discretionary
MPC,MARATHON PETROLEUM CORP,Energy
VLO,VALERO ENERGY CORP,Energy
EOG,EOG RESOURCES INC,Energy
NOC,NORTHROP GRUMMAN CORP,Industrials
REGN,REGENERON PHARMACEUTICALS INC,Health Care
CRH,CRH PUBLIC LIMITED PLC,Materials
LITE,LUMENTUM HOLDINGS INC,Information Technology
FTNT,FORTINET INC,Information Technology
UPS,UNITED PARCEL SERVICE INC CLASS B,Industrials
ITW,ILLINOIS TOOL INC,Industrials
FIX,COMFORT SYSTEMS USA INC,Industrials
CL,COLGATE-PALMOLIVE,Consumer Staples
HLT,HILTON WORLDWIDE HOLDINGS INC,Consumer Discretionary
COHR,COHERENT CORP,Information Technology
SHW,SHERWIN WILLIAMS,Materials
NSC,NORFOLK SOUTHERN CORP,Industrials
PSX,PHILLIPS 66,Energy
HCA,HCA HEALTHCARE INC,Health Care
AEP,AMERICAN ELECTRIC POWER INC,Utilities
GM,GENERAL MOTORS,Consumer Discretionary
MCO,MOODYS CORP,Financials
APD,AIR PRODUCTS AND CHEMICALS INC,Materials
ROST,ROSS STORES INC,Consumer Discretionary
RCL,ROYAL CARIBBEAN GROUP LTD,Consumer Discretionary
TDG,TRANSDIGM GROUP INC,Industrials
KKR,KKR AND CO INC,Financials
DLR,DIGITAL REALTY TRUST REIT INC,Real Estate
SPOT,SPOTIFY TECHNOLOGY SA,Communication
MSI,MOTOROLA SOLUTIONS INC,Information Technology
AON,AON PLC CLASS A,Financials
BKR,BAKER HUGHES CLASS A,Energy
SPG,SIMON PROPERTY GROUP REIT INC,Real Estate
DDOG,DATADOG INC CLASS A,Information Technology
KMI,KINDER MORGAN INC,Energy
TRV,TRAVELERS COMPANIES INC,Financials
WBD,WARNER BROS. DISCOVERY INC SERIES,Communication
BE,BLOOM ENERGY CLASS A CORP,Industrials
ECL,ECOLAB INC,Materials
KEYS,KEYSIGHT TECHNOLOGIES INC,Information Technology
NET,CLOUDFLARE INC CLASS A,Information Technology
RKLB,ROCKET LAB CORP,Industrials
MNST,MONSTER BEVERAGE CORP,Consumer Staples
SRE,SEMPRA,Utilities
URI,UNITED RENTALS INC,Industrials
TFC,TRUIST FINANCIAL CORP,Financials
HOOD,ROBINHOOD MARKETS INC CLASS A,Financials
PCAR,PACCAR INC,Industrials
LHX,L3HARRIS TECHNOLOGIES INC,Industrials
ALL,ALLSTATE CORP,Financials
TER,TERADYNE INC,Information Technology
CTVA,CORTEVA INC,Materials
CTAS,CINTAS CORP,Industrials
O,REALTY INCOME REIT CORP,Real Estate
AZO,AUTOZONE INC,Consumer Discretionary
TRGP,TARGA RESOURCES CORP,Energy
OKE,ONEOK INC,Energy
TGT,TARGET CORP,Consumer Staples
ABNB,AIRBNB INC CLASS A,Consumer Discretionary
MSTR,STRATEGY INC CLASS A,Information Technology
APO,APOLLO GLOBAL MANAGEMENT INC,Financials
DASH,DOORDASH INC CLASS A,Consumer Discretionary
GWW,WW GRAINGER INC,Industrials
AFL,AFLAC INC,Financials
D,DOMINION ENERGY INC,Utilities
NUE,NUCOR CORP,Materials
DVN,DEVON ENERGY CORP,Energy
AME,AMETEK INC,Industrials
F,FORD MOTOR CO,Consumer Discretionary
FLEX,FLEX LTD,Information Technology
AU,ANGLOGOLD ASHANTI PLC,Materials
CARR,CARRIER GLOBAL CORP,Industrials
MCHP,MICROCHIP TECHNOLOGY INC,Information Technology
ROK,ROCKWELL AUTOMATION INC,Industrials
EBAY,EBAY INC,Consumer Discretionary
LNG,CHENIERE ENERGY INC,Energy
SNOW,SNOWFLAKE INC,Information Technology
FAST,FASTENAL,Industrials
EA,ELECTRONIC ARTS INC,Communication
ETR,ENTERGY CORP,Utilities
ADSK,AUTODESK INC,Information Technology
NKE,NIKE INC CLASS B,Consumer Discretionary
AJG,ARTHUR J GALLAGHER,Financials
VST,VISTRA CORP,Utilities
PSA,PUBLIC STORAGE REIT,Real Estate
EW,EDWARDS LIFESCIENCES CORP,Health Care
CVNA,CARVANA CLASS A,Consumer Discretionary
XEL,XCEL ENERGY INC,Utilities
COR,CENCORA INC,Health Care
DAL,DELTA AIR LINES INC,Industrials
ON,ON SEMICONDUCTOR CORP,Information Technology
EXC,EXELON CORP,Utilities
WAB,WESTINGHOUSE AIR BRAKE TECHNOLOGIE,Industrials
FERG,FERGUSON ENTERPRISES INC,Industrials
COIN,COINBASE GLOBAL INC CLASS A,Financials
CAH,CARDINAL HEALTH INC,Health Care
MET,METLIFE INC,Financials
NU,NU HOLDINGS CLASS A,Financials
AMP,AMERIPRISE FINANCE INC,Financials
STT,STATE STREET CORP,Financials
FITB,FIFTH THIRD BANCORP,Financials
HPE,HEWLETT PACKARD ENTERPRISE,Information Technology
PYPL,PAYPAL HOLDINGS INC,Financials
VTR,VENTAS REIT INC,Real Estate
CMG,CHIPOTLE MEXICAN GRILL INC,Consumer Discretionary
IDXX,IDEXX LABORATORIES INC,Health Care
YUM,YUM BRANDS INC,Consumer Discretionary
RSG,REPUBLIC SERVICES INC,Industrials
BDX,BECTON DICKINSON,Health Care
CBRE,CBRE GROUP INC CLASS A,Real Estate
TTWO,TAKE TWO INTERACTIVE SOFTWARE INC,Communication
AIG,AMERICAN INTERNATIONAL GROUP INC,Financials
NDAQ,NASDAQ INC,Financials
MSCI,MSCI INC,Financials
EME,EMCOR GROUP INC,Industrials
FANG,DIAMONDBACK ENERGY INC,Energy
ADM,ARCHER DANIELS MIDLAND,Consumer Staples
OXY,OCCIDENTAL PETROLEUM CORP,Energy
CBOE,CBOE GLOBAL MARKETS INC,Financials
CCI,CROWN CASTLE INC,Real Estate
KR,KROGER,Consumer Staples
PEG,PUBLIC SERVICE ENTERPRISE GROUP IN,Utilities
ED,CONSOLIDATED EDISON INC,Utilities
XYZ,BLOCK INC CLASS A,Financials
KDP,KEURIG DR PEPPER INC,Consumer Staples
GRMN,GARMIN LTD,Consumer Discretionary
HIG,HARTFORD INSURANCE GROUP INC,Financials
IRM,IRON MOUNTAIN INC,Real Estate
ALNY,ALNYLAM PHARMACEUTICALS INC,Health Care
JBL,JABIL INC,Information Technology
HUM,HUMANA INC,Health Care
WEC,WEC ENERGY GROUP INC,Utilities
DHI,D R HORTON INC,Consumer Discretionary
IBKR,INTERACTIVE BROKERS GROUP INC CLAS,Financials
VMC,VULCAN MATERIALS,Materials
PCG,PG&E CORP,Utilities
PRU,PRUDENTIAL FINANCIAL INC,Financials
SYY,SYSCO CORP,Consumer Staples
ODFL,OLD DOMINION FREIGHT LINE INC,Industrials
HAL,HALLIBURTON,Energy
MLM,MARTIN MARIETTA MATERIALS INC,Materials
ROP,ROPER TECHNOLOGIES INC,Information Technology
Q,QNITY ELECTRONICS INC,Information Technology
EQT,EQT CORP,Energy
ACGL,ARCH CAPITAL GROUP LTD,Financials
CASY,CASEYS GENERAL STORES INC,Consumer Staples
ZTS,ZOETIS INC CLASS A,Health Care
STLD,STEEL DYNAMICS INC,Materials
KVUE,KENVUE INC,Consumer Staples
WAT,WATERS CORP,Health Care
KMB,KIMBERLY CLARK CORP,Consumer Staples
CCL,CARNIVAL CORP,Consumer Discretionary
A,AGILENT TECHNOLOGIES INC,Health Care
MTB,M&T BANK CORP,Financials
UAL,UNITED AIRLINES HOLDINGS INC,Industrials
NTRS,NORTHERN TRUST CORP,Financials
VICI,VICI PPTYS INC,Real Estate
HBAN,HUNTINGTON BANCSHARES INC,Financials
CRDO,CREDO TECHNOLOGY GROUP HOLDING LTD,Information Technology
BIIB,BIOGEN INC,Health Care
EXR,EXTRA SPACE STORAGE REIT INC,Real Estate
RMD,RESMED INC,Health Care
DTE,DTE ENERGY,Utilities
TDY,TELEDYNE TECHNOLOGIES INC,Information Technology
DOV,DOVER CORP,Industrials
CPRT,COPART INC,Industrials
AEE,AMEREN CORP,Utilities
ALAB,ASTERA LABS INC,Information Technology
FTI,TECHNIPFMC PLC,Energy
IQV,IQVIA HOLDINGS INC,Health Care
PAYX,PAYCHEX INC,Industrials
CNC,CENTENE CORP,Health Care
OTIS,OTIS WORLDWIDE CORP,Industrials
ATO,ATMOS ENERGY CORP,Utilities
AXON,AXON ENTERPRISE INC,Industrials
IR,INGERSOLL RAND INC,Industrials
FISV,FISERV INC,Financials
CW,CURTISS WRIGHT CORP,Industrials
HSY,HERSHEY FOODS,Consumer Staples
GEHC,GE HEALTHCARE TECHNOLOGIES INC,Health Care
CNP,CENTERPOINT ENERGY INC,Utilities
NVT,NVENT ELECTRIC PLC,Industrials
RJF,RAYMOND JAMES INC,Financials
DOW,DOW INC,Materials
TPR,TAPESTRY INC,Consumer Discretionary
FTAI,FTAI AVIATION LTD,Industrials
TWLO,TWILIO INC CLASS A,Information Technology
ZM,ZOOM COMMUNICATIONS INC CLASS A,Information Technology
RVMD,REVOLUTION MEDICINES INC,Health Care
EIX,EDISON INTERNATIONAL,Utilities
P,EVERPURE INC CLASS A,Information Technology
PPL,PPL CORP,Utilities
NRG,NRG ENERGY INC,Utilities
XYL,XYLEM INC,Industrials
MTZ,MASTEC INC,Industrials
AVB,AVALONBAY COMMUNITIES REIT INC,Real Estate
CFG,CITIZENS FINANCIAL GROUP INC,Financials
LYV,LIVE NATION ENTERTAINMENT INC,Communication
STRL,STERLING INFRASTRUCTURE INC,Industrials
QSR,RESTAURANTS BRANDS INTERNATIONAL I,Consumer Discretionary
HUBB,HUBBELL INC,Industrials
RBLX,ROBLOX CORP CLASS A,Communication
ES,EVERSOURCE ENERGY,Utilities
NTRA,NATERA INC,Health Care
EXPE,EXPEDIA GROUP INC,Consumer Discretionary
MTSI,MACOM TECHNOLOGY SOLUTIONS INC,Information Technology
EQR,EQUITY RESIDENTIAL REIT,Real Estate
WDAY,WORKDAY INC CLASS A,Information Technology
FICO,FAIR ISAAC CORP,Information Technology
CINF,CINCINNATI FINANCIAL CORP,Financials
VRSN,VERISIGN INC,Information Technology
AWK,AMERICAN WATER WORKS INC,Utilities
INSM,INSMED INC,Health Care
UTHR,UNITED THERAPEUTICS CORP,Health Care
FN,FABRINET,Information Technology
SYF,SYNCHRONY FINANCIAL,Financials
FE,FIRSTENERGY CORP,Utilities
PPG,PPG INDUSTRIES INC,Materials
ALB,ALBEMARLE CORP,Materials
LPLA,LPL FINANCIAL HOLDINGS INC,Financials
MDB,MONGODB INC CLASS A,Information Technology
NTAP,NETAPP INC,Information Technology
OMC,OMNICOM GROUP INC,Communication
FSLR,FIRST SOLAR INC,Information Technology
WTW,WILLIS TOWERS WATSON PLC,Financials
RF,REGIONS FINANCIAL CORP,Financials
VEEV,VEEVA SYSTEMS INC CLASS A,Health Care
ARES,ARES MANAGEMENT CORP CLASS A,Financials
DXCM,DEXCOM INC,Health Care
CHD,CHURCH AND DWIGHT INC,Consumer Staples
AKAM,AKAMAI TECHNOLOGIES INC,Information Technology
CPAY,CORPAY INC,Financials
NI,NISOURCE INC,Utilities
MKL,MARKEL GROUP INC,Financials
DRI,DARDEN RESTAURANTS INC,Consumer Discretionary
TROW,T ROWE PRICE GROUP INC,Financials
VRSK,VERISK ANALYTICS INC,Industrials
TPL,TEXAS PACIFIC LAND CORP,Energy
XPO,XPO INC,Industrials
CMS,CMS ENERGY CORP,Utilities
ATI,ATI INC,Industrials
WWD,WOODWARD INC,Industrials
PHM,PULTEGROUP INC,Consumer Discretionary
ILMN,ILLUMINA INC,Health Care
FIS,FIDELITY NATIONAL INFORMATION SERV,Financials
ULTA,ULTA BEAUTY INC,Consumer Discretionary
WST,WEST PHARMACEUTICAL SERVICES INC,Health Care
EXE,EXPAND ENERGY CORP,Energy
DGX,QUEST DIAGNOSTICS INC,Health Care
MKSI,MKS,Information Technology
ENTG,ENTEGRIS INC,Information Technology
LH,LABCORP HOLDINGS INC,Health Care
DD,DUPONT DE NEMOURS INC,Materials
VLTO,VERALTO CORP,Industrials
CRS,CARPENTER TECHNOLOGY CORP,Industrials
MTD,METTLER TOLEDO INC,Health Care
EXPD,EXPEDITORS INTERNATIONAL OF WASHIN,Industrials
SW,SMURFIT WESTROCK PLC,Materials
CPNG,COUPANG INC CLASS A,Consumer Discretionary
RPRX,ROYALTY PHARMA PLC CLASS A,Health Care
RGLD,ROYAL GOLD INC,Materials
STE,STERIS,Health Care
WSM,WILLIAMS SONOMA INC,Consumer Discretionary
FFIV,F5 INC,Information Technology
STZ,CONSTELLATION BRANDS INC CLASS A,Consumer Staples
CF,CF INDUSTRIES HOLDINGS INC,Materials
EL,ESTEE LAUDER INC CLASS A,Consumer Staples
CDE,COEUR MINING INC,Materials
RDDT,REDDIT INC CLASS A,Communication
VTRS,VIATRIS INC,Health Care
HPQ,HP INC,Information Technology
RS,RELIANCE STEEL & ALUMINUM,Materials
IFF,INTERNATIONAL FLAVORS & FRAGRANCES,Materials
KHC,KRAFT HEINZ,Consumer Staples
EFX,EQUIFAX INC,Industrials
KEY,KEYCORP,Financials
NXT,NEXTPOWER INC CLASS A,Industrials
PKG,PACKAGING CORP OF AMERICA,Materials
FWONK,LIBERTY MEDIA FORMULA ONE SERIES C,Communication
CHRW,CH ROBINSON WORLDWIDE INC,Industrials
LYB,LYONDELLBASELL INDUSTRIES NV CLASS,Materials
RBC,RBC BEARINGS INC,Industrials
EVRG,EVERGY INC,Utilities
SNA,SNAP ON INC,Industrials
RBA,RB GLOBAL INC,Industrials
SITM,SITIME CORP,Information Technology
USFD,US FOODS HOLDING CORP,Consumer Staples
FTV,FORTIVE CORP,Industrials
TSN,TYSON FOODS INC CLASS A,Consumer Staples
BWXT,BWX TECHNOLOGIES INC,Industrials
SOFI,SOFI TECHNOLOGIES INC,Financials
MRNA,MODERNA INC,Health Care
LUV,SOUTHWEST AIRLINES,Industrials
IONQ,IONQ INC,Information Technology
JBHT,JB HUNT TRANSPORT SERVICES INC,Industrials
SNX,TD SYNNEX CORP,Information Technology
LNT,ALLIANT ENERGY CORP,Utilities
BAM,BROOKFIELD ASSET MANAGEMENT VOTING,Financials
SATS,ECHOSTAR CORP CLASS A,Communication
BURL,BURLINGTON STORES INC,Consumer Discretionary
GIS,GENERAL MILLS INC,Consumer Staples
TTMI,TTM TECHNOLOGIES INC,Information Technology
AFRM,AFFIRM HOLDINGS INC CLASS A,Financials
AA,ALCOA CORP,Materials
AMCR,AMCOR PLC,Materials
ESS,ESSEX PROPERTY TRUST REIT INC,Real Estate
LEN,LENNAR A CORP CLASS A,Consumer Discretionary
INVH,INVITATION HOMES INC,Real Estate
FCNCA,FIRST CITIZENS BANCSHARES INC CLAS,Financials
ITT,ITT INC,Industrials
LSCC,LATTICE SEMICONDUCTOR CORP,Information Technology
WCC,WESCO INTERNATIONAL INC,Industrials
THC,TENET HEALTHCARE CORP,Health Care
WY,WEYERHAEUSER REIT,Real Estate
BR,BROADRIDGE FINANCIAL SOLUTIONS INC,Industrials
IP,INTERNATIONAL PAPER,Materials
DLTR,DOLLAR TREE INC,Consumer Staples
BG,BUNGE GLOBAL SA,Consumer Staples
PTC,PTC INC,Information Technology
OVV,OVINTIV INC,Energy
EWBC,EAST WEST BANCORP INC,Financials
ASTS,AST SPACEMOBILE INC CLASS A,Communication
ROKU,ROKU INC CLASS A,Communication
TXT,TEXTRON INC,Industrials
ZBH,ZIMMER BIOMET HOLDINGS INC,Health Care
SMCI,SUPER MICRO COMPUTER INC,Information Technology
GPN,GLOBAL PAYMENTS INC,Financials
SCCO,SOUTHERN COPPER CORP,Materials
WPC,W. P. CAREY REIT INC,Real Estate
IEX,IDEX CORP,Industrials
LII,LENNOX INTERNATIONAL INC,Industrials
APG,API GROUP CORP,Industrials
LVS,LAS VEGAS SANDS CORP,Consumer Discretionary
TLN,TALEN ENERGY CORP,Utilities
ROL,ROLLINS INC,Industrials
NBIX,NEUROCRINE BIOSCIENCES INC,Health Care
TSCO,TRACTOR SUPPLY,Consumer Discretionary
NLY,ANNALY CAPITAL MANAGEMENT REIT INC,Financials
LDOS,LEIDOS HOLDINGS INC,Industrials
INCY,INCYTE CORP,Health Care
BRO,BROWN & BROWN INC,Financials
NVR,NVR INC,Consumer Discretionary
KIM,KIMCO REALTY REIT CORP,Real Estate
GNRC,GENERAC HOLDINGS INC,Industrials
BALL,BALL CORP,Materials
CLH,CLEAN HARBORS INC,Industrials
SUI,SUN COMMUNITIES REIT INC,Real Estate
MLI,MUELLER INDUSTRIES INC,Industrials
HST,HOST HOTELS & RESORTS REIT INC,Real Estate
FLUT,FLUTTER ENTERTAINMENT PLC,Consumer Discretionary
MAA,MID AMERICA APARTMENT COMMUNITIES,Real Estate
NDSN,NORDSON CORP,Industrials
PFGC,PERFORMANCE FOOD GROUP,Consumer Staples
AAOI,APPLIED OPTOELECTRONICS INC,Information Technology
MOD,MODINE MANUFACTURING,Industrials
ZS,ZSCALER INC,Information Technology
CSL,CARLISLE COMPANIES INC,Industrials
LECO,LINCOLN ELECTRIC HOLDINGS INC,Industrials
JLL,JONES LANG LASALLE INC,Real Estate
WRB,WR BERKLEY CORP,Financials
RMBS,RAMBUS INC,Information Technology
EG,EVEREST GROUP LTD,Financials
DTM,DT MIDSTREAM INC,Energy
WSO,WATSCO INC,Industrials
PR,PERMIAN RESOURCES CORP CLASS A,Energy
CRCL,CIRCLE INTERNET GROUP INC CLASS A,Information Technology
BWA,BORGWARNER INC,Consumer Discretionary
VIK,VIKING HOLDINGS,Consumer Discretionary
MAS,MASCO CORP,Industrials
JAZZ,JAZZ PHARMACEUTICALS PLC,Health Care
PNFP,PINNACLE FINANCIAL PARTNERS INC,Financials
SOLS,SOLSTICE ADVANCED MATERIALS INC,Materials
DKS,DICKS SPORTING INC,Consumer Discretionary
FOXA,FOX CORP CLASS A,Communication
UNM,UNUM,Financials
ONTO,ONTO INNOVATION INC,Information Technology
REG,REGENCY CENTERS REIT CORP,Real Estate
SSNC,SS AND C TECHNOLOGIES HOLDINGS INC,Industrials
EXEL,EXELIXIS INC,Health Care
DOC,HEALTHPEAK PROPERTIES INC,Real Estate
OHI,OMEGA HEALTHCARE INVESTORS REIT IN,Real Estate
GPC,GENUINE PARTS,Consumer Discretionary
RGA,REINSURANCE GROUP OF AMERICA INC,Financials
DECK,DECKERS OUTDOOR CORP,Consumer Discretionary
CSGP,COSTAR GROUP INC,Real Estate
TEAM,ATLASSIAN CORP CLASS A,Information Technology
RRX,REGAL REXNORD CORP,Industrials
SMTC,SEMTECH CORP,Information Technology
TRMB,TRIMBLE INC,Information Technology
ARMK,ARAMARK,Consumer Discretionary
RKT,ROCKET COMPANIES INC CLASS A,Financials
HL,HECLA MINING,Materials
RNR,RENAISSANCERE HOLDING LTD,Financials
HAS,HASBRO INC,Consumer Discretionary
TYL,TYLER TECHNOLOGIES INC,Information Technology
DY,DYCOM INDUSTRIES INC,Industrials
CDW,CDW CORP,Information Technology
APA,APA CORP,Energy
HII,HUNTINGTON INGALLS INDUSTRIES INC,Industrials
TW,TRADEWEB MARKETS INC CLASS A,Financials
J,JACOBS SOLUTIONS INC,Industrials
TRU,TRANSUNION,Industrials
RL,RALPH LAUREN CORP CLASS A,Consumer Discretionary
SGI,SOMNIGROUP INTERNATIONAL INC,Consumer Discretionary
CG,CARLYLE GROUP INC,Financials
LAMR,LAMAR ADVERTISING COMPANY CLAS,Real Estate
TOL,TOLL BROTHERS INC,Consumer Discretionary
AEIS,ADVANCED ENERGY INDUSTRIES INC,Information Technology
OKTA,OKTA INC CLASS A,Information Technology
GEN,GEN DIGITAL INC,Information Technology
LULU,LULULEMON ATHLETICA INC,Consumer Discretionary
GGG,GRACO INC,Industrials
GL,GLOBE LIFE INC,Financials
GLPI,GAMING AND LEISURE PROPERTIES REIT,Real Estate
TKO,TKO GROUP HOLDINGS INC CLASS A,Communication
NYT,NEW YORK TIMES CLASS A,Communication
MDLN,MEDLINE INC CLASS A,Health Care
RPM,RPM INTERNATIONAL INC,Materials
EVR,EVERCORE INC CLASS A,Financials
VIAV,VIAVI SOLUTIONS INC,Information Technology
SANM,SANMINA CORP,Information Technology
AIZ,ASSURANT INC,Financials
ZBRA,ZEBRA TECHNOLOGIES CORP CLASS A,Information Technology
BJ,BJS WHOLESALE CLUB HOLDINGS INC,Consumer Staples
ROIV,ROIVANT SCIENCES LTD,Health Care
PEN,PENUMBRA INC,Health Care
UDR,UDR REIT INC,Real Estate
HEI,HEICO CORP,Industrials
AIT,APPLIED INDUSTRIAL TECHNOLOGIES IN,Industrials
TXRH,TEXAS ROADHOUSE INC,Consumer Discretionary
AVY,AVERY DENNISON CORP,Materials
FNF,FIDELITY NATIONAL FINANCIAL INC,Financials
PNR,PENTAIR,Industrials
IONS,IONIS PHARMACEUTICALS INC,Health Care
ELS,EQUITY LIFESTYLE PROPERTIES REIT I,Real Estate
COO,COOPER INC,Health Care
DOCN,DIGITALOCEAN HOLDINGS INC,Information Technology
GH,GUARDANT HEALTH INC,Health Care
PNW,PINNACLE WEST CORP,Utilities
DKNG,DRAFTKINGS INC CLASS A,Consumer Discretionary
CHTR,CHARTER COMMUNICATIONS INC CLASS A,Communication
SWK,STANLEY BLACK & DECKER INC,Industrials
AGNC,AGNC INVESTMENT REIT CORP,Financials
WBS,WEBSTER FINANCIAL CORP,Financials
APTV,APTIV PLC,Consumer Discretionary
FHN,FIRST HORIZON CORP,Financials
GDDY,GODADDY INC CLASS A,Information Technology
CCK,CROWN HOLDINGS INC,Materials
EQH,EQUITABLE HOLDINGS INC,Financials
BLD,TOPBUILD CORP,Consumer Discretionary
MKC,MCCORMICK & CO NON-VOTING INC,Consumer Staples
FIVE,FIVE BELOW INC,Consumer Discretionary
CPT,CAMDEN PROPERTY TRUST REIT,Real Estate
SF,STIFEL FINANCIAL CORP,Financials
SAIA,SAIA INC,Industrials
CACI,CACI INTERNATIONAL INC CLASS A,Industrials
ARW,ARROW ELECTRONICS INC,Information Technology
CLX,CLOROX,Consumer Staples
PINS,PINTEREST INC CLASS A,Communication
RVTY,REVVITY INC,Health Care
LFUS,LITTELFUSE INC,Information Technology
ALLE,ALLEGION PLC,Industrials
NTNX,NUTANIX INC CLASS A,Information Technology
ALLY,ALLY FINANCIAL INC,Financials
DINO,HF SINCLAIR CORP,Energy
SCI,SERVICE,Consumer Discretionary
ALGN,ALIGN TECHNOLOGY INC,Health Care
RIVN,RIVIAN AUTOMOTIVE INC CLASS A,Consumer Discretionary
QXO,QXO INC,Industrials
SOLV,SOLVENTUM CORP,Health Care
PL,PLANET LABS CLASS A,Industrials
EHC,ENCOMPASS HEALTH CORP,Health Care
CGNX,COGNEX CORP,Information Technology
BBIO,BRIDGEBIO PHARMA INC,Health Care
BBY,BEST BUY INC,Consumer Discretionary
EGP,EASTGROUP PROPERTIES REIT INC,Real Estate
ALSN,ALLISON TRANSMISSION HOLDINGS INC,Industrials
ELAN,ELANCO ANIMAL HEALTH INC,Health Care
AR,ANTERO RESOURCES CORP,Energy
VMI,VALMONT INDS INC,Industrials
PODD,INSULET CORP,Health Care
GWRE,GUIDEWIRE SOFTWARE INC,Information Technology
JKHY,JACK HENRY AND ASSOCIATES INC,Financials
IVZ,INVESCO LTD,Financials
HUT,HUT CORP,Information Technology
SWKS,SKYWORKS SOLUTIONS INC,Information Technology
WTRG,ESSENTIAL UTILITIES INC,Utilities
AMH,AMERICAN HOMES RENT REIT CLASS A,Real Estate
NWSA,NEWS CORP CLASS A,Communication
AGX,ARGAN INC,Industrials
SJM,JM SMUCKER,Consumer Staples
MOH,MOLINA HEALTHCARE INC,Health Care
DT,DYNATRACE INC,Information Technology
TOST,TOAST INC CLASS A,Financials
DCI,DONALDSON INC,Industrials
ARWR,ARROWHEAD PHARMACEUTICALS INC,Health Care
OC,OWENS CORNING,Industrials
IT,GARTNER INC,Information Technology
AES,AES CORP,Utilities
MUSA,MURPHY USA INC,Consumer Discretionary
AUR,AURORA INNOVATION INC CLASS A,Information Technology
BMRN,BIOMARIN PHARMACEUTICAL INC,Health Care
ENSG,ENSIGN GROUP INC,Health Care
WMS,ADVANCED DRAINAGE SYSTEMS INC,Industrials
DAR,DARLING INGREDIENTS INC,Consumer Staples
FORM,FORMFACTOR INC,Information Technology
AXSM,AXSOME THERAPEUTICS INC,Health Care
DPZ,DOMINOS PIZZA INC,Consumer Discretionary
OGE,OGE ENERGY CORP,Utilities
ESI,ELEMENT SOLUTIONS INC,Materials
SPXC,SPX TECHNOLOGIES INC,Industrials
MEDP,MEDPACE HOLDINGS INC,Health Care
RRC,RANGE RESOURCES CORP,Energy
FRT,FEDERAL REALTY INVESTMENT TRUST RE,Real Estate
BPOP,POPULAR INC,Financials
CTRE,CARETRUST REIT INC,Real Estate
LUMN,LUMEN TECHNOLOGIES INC,Communication
KTOS,KRATOS DEFENSE AND SECURITY SOLUTI,Industrials
KNX,KNIGHT-SWIFT TRANSPORTATION HOLDIN,Industrials
ACM,AECOM,Industrials
WTFC,WINTRUST FINANCIAL CORP,Financials
CNH,CNH INDUSTRIAL N.V. NV,Industrials
GTLS,CHART INDUSTRIES INC,Industrials
CYTK,CYTOKINETICS INC,Health Care
R,RYDER SYSTEM INC,Industrials
AMKR,AMKOR TECHNOLOGY INC,Information Technology
AHR,AMERICAN HEALTHCARE REIT INC,Real Estate
SEIC,SEI INVESTMENTS,Financials
UMBF,UMB FINANCIAL CORP,Financials
GFS,GLOBALFOUNDRIES INC,Information Technology
UHS,UNIVERSAL HEALTH SERVICES INC CLAS,Health Care
TTD,TRADE DESK INC CLASS A,Communication
SSB,SOUTHSTATE BANK CORP,Financials
CR,CRANE,Industrials
CNM,CORE & MAIN INC CLASS A,Industrials
BXP,BXP INC,Real Estate
HUBS,HUBSPOT INC,Information Technology
ORI,OLD REPUBLIC INTERNATIONAL CORP,Financials
MP,MP MATERIALS CORP CLASS A,Materials
AYI,ACUITY INC,Industrials
FCFS,FIRSTCASH HOLDINGS INC,Financials
DOCU,DOCUSIGN INC,Information Technology
VNOM,VIPER ENERGY INC CLASS A,Energy
GME,GAMESTOP CORP CLASS A,Consumer Discretionary
CRUS,CIRRUS LOGIC INC,Information Technology
TTC,TORO,Industrials
PRI,PRIMERICA INC,Financials
AAON,AAON INC,Industrials
ENS,ENERSYS,Industrials
FOX,FOX CORP CLASS B,Communication
FLS,FLOWSERVE CORP,Industrials
BAX,BAXTER INTERNATIONAL INC,Health Care
MDGL,MADRIGAL PHARMACEUTICALS INC,Health Care
BRX,BRIXMOR PROPERTY GROUP REIT INC,Real Estate
U,UNITY SOFTWARE INC,Information Technology
EMN,EASTMAN CHEMICAL,Materials
COLB,COLUMBIA BANKING SYSTEM INC,Financials
PRAX,PRAXIS PRECISION MEDICINES INC,Health Care
CUBE,CUBESMART REIT,Real Estate
AFG,AMERICAN FINANCIAL GROUP INC,Financials
SFM,SPROUTS FARMERS MARKET INC,Consumer Staples
BAH,BOOZ ALLEN HAMILTON HOLDING CORP C,Industrials
RBRK,RUBRIK INC CLASS A,Information Technology
ZION,ZIONS BANCORPORATION,Financials
HALO,HALOZYME THERAPEUTICS INC,Health Care
SNEX,STONEX GROUP INC,Financials
BEN,FRANKLIN RESOURCES INC,Financials
IOT,SAMSARA INC CLASS A,Information Technology
KEX,KIRBY CORP,Industrials
SN,SHARKNINJA INC,Consumer Discretionary
MTCH,MATCH GROUP INC,Communication
RIOT,RIOT PLATFORMS INC,Information Technology
GMED,GLOBUS MEDICAL INC CLASS A,Health Care
AMG,AFFILIATED MANAGERS GROUP INC,Financials
POWL,POWELL INDUSTRIES INC,Industrials
OKLO,OKLO INC CLASS A,Utilities
REXR,REXFORD INDUSTRIAL REALTY REIT INC,Real Estate
TIGO,MILLICOM INTERNATIONAL CELLULAR SA,Communication
CRL,CHARLES RIVER LABORATORIES INTERNA,Health Care
CMC,COMMERCIAL METALS,Materials
AAL,AMERICAN AIRLINES GROUP INC,Industrials
ADC,AGREE REALTY REIT CORP,Real Estate
VSAT,VIASAT INC,Information Technology
SM,SM ENERGY,Energy
CHRD,CHORD ENERGY CORP,Energy
CFR,CULLEN FROST BANKERS INC,Financials
JEF,JEFFERIES FINANCIAL GROUP INC,Financials
ONB,OLD NATIONAL BANCORP,Financials
ORA,ORMAT TECH INC,Utilities
ARE,ALEXANDRIA REAL ESTATE EQUITIES RE,Real Estate
NNN,NNN REIT INC,Real Estate
SSD,SIMPSON MANUFACTURING INC,Industrials
BLDR,BUILDERS FIRSTSOURCE INC,Industrials
FR,FIRST INDUSTRIAL REALTY TRUST INC,Real Estate
QBTS,D WAVE QUANTUM INC,Information Technology
VOYA,VOYA FINANCIAL INC,Financials
WULF,TERAWULF INC,Information Technology
WAL,WESTERN ALLIANCE,Financials
WFRD,WEATHERFORD INTERNATIONAL PLC,Energy
WTS,WATTS WATER TECHNOLOGIES INC CLASS,Industrials
ECG,EVERUS CONSTRUCTION GROUP INC,Industrials
OSK,OSHKOSH CORP,Industrials
ONON,ON HOLDING AG CLASS A,Consumer Discretionary
FDS,FACTSET RESEARCH SYSTEMS INC,Financials
QRVO,QORVO INC,Information Technology
MANH,MANHATTAN ASSOCIATES INC,Information Technology
KRYS,KRYSTAL BIOTECH INC,Health Care
MASI,MASIMO CORP,Health Care
ATR,APTARGROUP INC,Materials
MGM,MGM RESORTS INTERNATIONAL,Consumer Discretionary
FLR,FLUOR CORP,Industrials
IDA,IDACORP INC,Utilities
GKOS,GLAUKOS CORP,Health Care
HSIC,HENRY SCHEIN INC,Health Care
DVA,DAVITA INC,Health Care
AXS,AXIS CAPITAL HOLDINGS LTD,Financials
ESE,ESCO TECHNOLOGIES INC,Industrials
LEA,LEAR CORP,Consumer Discretionary
NFG,NATIONAL FUEL GAS,Utilities
WYNN,WYNN RESORTS LTD,Consumer Discretionary
CRBG,COREBRIDGE FINANCIAL INC,Financials
PLXS,PLEXUS CORP,Information Technology
H,HYATT HOTELS CORP CLASS A,Consumer Discretionary
HXL,HEXCEL CORP,Industrials
ST,SENSATA TECHNOLOGIES HOLDING PLC,Industrials
UEC,URANIUM ENERGY CORP,Energy
VICR,VICOR CORP,Industrials
BTSG,BRIGHTSPRING HEALTH SERVICES INC,Health Care
TTEK,TETRA TECH INC,Industrials
CAVA,CAVA GROUP INC,Consumer Discretionary
TAP,MOLSON COORS BREWING CLASS B,Consumer Staples
FSS,FEDERAL SIGNAL CORP,Industrials
AM,ANTERO MIDSTREAM CORP,Energy
NPO,ENPRO INC,Industrials
STAG,STAG INDUSTRIAL REIT INC,Real Estate
AWI,ARMSTRONG WORLD INDUSTRIES INC,Industrials
MXL,MAXLINEAR INC,Information Technology
MYRG,MYR GROUP INC,Industrials
ZWS,ZURN ELKAY WATER SOLUTIONS CORP,Industrials
INGR,INGREDION INC,Consumer Staples
IDCC,INTERDIGITAL INC,Information Technology
MOS,MOSAIC,Materials
AGCO,AGCO CORP,Industrials
JXN,JACKSON FINANCIAL INC CLASS A,Financials
HQY,HEALTHEQUITY INC,Health Care
XP,XP CLASS A INC,Financials
TECH,BIO TECHNE CORP,Health Care
MTDR,MATADOR RESOURCES,Energy
PAYC,PAYCOM SOFTWARE INC,Industrials
MIDD,MIDDLEBY CORP,Industrials
UGI,UGI CORP,Utilities
TEX,TEREX CORP,Industrials
LKQ,LKQ CORP,Consumer Discretionary
AVT,AVNET INC,Information Technology
NCLH,NORWEGIAN CRUISE LINE HOLDINGS LTD,Consumer Discretionary
KGS,KODIAK GAS SERVICES INC,Energy
SSRM,SSR MINING INC,Materials
FAF,FIRST AMERICAN FINANCIAL CORP,Financials
DOX,AMDOCS LTD,Information Technology
RAL,RALLIANT CORP,Information Technology
CART,MAPLEBEAR INC,Consumer Staples
CIFR,CIPHER DIGITAL INC,Information Technology
PCVX,VAXCYTE INC,Health Care
LNTH,LANTHEUS HOLDINGS INC,Health Care
AOS,A O SMITH CORP,Industrials
SLAB,SILICON LABORATORIES INC,Information Technology
CWAN,CLEARWATER ANALYTICS HOLDINGS INC,Information Technology
EXP,EAGLE MATERIALS INC,Materials
JHG,JANUS HENDERSON GROUP PLC,Financials
QGEN,QIAGEN NV,Health Care
CE,CELANESE CORP,Materials
THG,HANOVER INSURANCE GROUP INC,Financials
HR,HEALTHCARE REALTY TRUST INC CLASS,Real Estate
CAG,CONAGRA BRANDS INC,Consumer Staples
CBSH,COMMERCE BANCSHARES INC,Financials
CORZ,CORE SCIENTIFIC INC,Information Technology
LAD,LITHIA MOTORS INC CLASS A,Consumer Discretionary
KNSL,KINSALE CAPITAL GROUP INC,Financials
AROC,ARCHROCK INC,Energy
JBTM,JBT MAREL CORP,Industrials
JOBY,JOBY AVIATION INC CLASS A,Industrials
Z,ZILLOW GROUP INC CLASS C,Real Estate
NE,NOBLE CORPORATION PLC,Energy
TGTX,TG THERAPEUTICS INC,Health Care
IESC,IES INC,Industrials
AXTA,AXALTA COATING SYSTEMS LTD,Materials
OMF,ONEMAIN HOLDINGS INC,Financials
TRNO,TERRENO REALTY REIT CORP,Real Estate
CHE,CHEMED CORP,Health Care
TFX,TELEFLEX INC,Health Care
MSA,MSA SAFETY INC,Industrials
RHP,RYMAN HOSPITALITY PROPERTIES REIT,Real Estate
ALKS,ALKERMES,Health Care
ACA,ARCOSA INC,Industrials
PTGX,PROTAGONIST THERAPEUTICS INC,Health Care
PB,PROSPERITY BANCSHARES INC,Financials
SARO,STANDARDAERO,Industrials
CLF,CLEVELAND CLIFFS INC,Materials
WH,WYNDHAM HOTELS RESORTS INC,Consumer Discretionary
GATX,GATX CORP,Industrials
FNB,FNB CORP,Financials
VLY,VALLEY NATIONAL,Financials
LSTR,LANDSTAR SYSTEM INC,Industrials
AVAV,AEROVIRONMENT INC,Industrials
EPRT,ESSENTIAL PROPERTIES REALTY TRUST,Real Estate
LW,LAMB WESTON HOLDINGS INC,Consumer Staples
GTES,GATES INDUSTRIAL PLC,Industrials
RYN,RAYONIER REIT INC,Real Estate
MTG,MGIC INVESTMENT CORP,Financials
GBCI,GLACIER BANCORP INC,Financials
NXST,NEXSTAR MEDIA GROUP INC,Communication
OWL,BLUE OWL CAPITAL INC CLASS A,Financials
VFC,VF CORP,Consumer Discretionary
GVA,GRANITE CONSTRUCTION INC,Industrials
ETSY,ETSY INC,Consumer Discretionary
MAC,MACERICH REIT,Real Estate
W,WAYFAIR INC CLASS A,Consumer Discretionary
RIG,TRANSOCEAN LTD,Energy
ESNT,ESSENT GROUP LTD,Financials
STWD,STARWOOD PROPERTY TRUST REIT INC,Financials
KLIC,KULICKE AND SOFFA INDUSTRIES INC,Information Technology
RGEN,REPLIGEN CORP,Health Care
ACI,ALBERTSONS COMPANY INC CLASS A,Consumer Staples
VSNT,VERSANT MEDIA GROUP INC,Communication
HRL,HORMEL FOODS CORP,Consumer Staples
BROS,DUTCH BROS INC CLASS A,Consumer Discretionary
RGTI,RIGETTI COMPUTING INC,Information Technology
CZR,CAESARS ENTERTAINMENT INC,Consumer Discretionary
VAL,VALARIS LTD,Energy
GXO,GXO LOGISTICS INC,Industrials
POOL,POOL CORP,Consumer Discretionary
PCOR,PROCORE TECHNOLOGIES INC,Information Technology
HWC,HANCOCK WHITNEY CORP,Financials
PRIM,PRIMORIS SERVICES CORP,Industrials
PRMB,PRIMO BRANDS CLASS A CORP,Consumer Staples
NOVT,NOVANTA INC,Information Technology
TMHC,TAYLOR MORRISON HOME CORP,Consumer Discretionary
SWX,SOUTHWEST GAS HOLDINGS INC,Utilities
KMX,CARMAX INC,Consumer Discretionary
EAT,BRINKER INTERNATIONAL INC,Consumer Discretionary
ALGM,ALLEGRO MICROSYSTEMS INC,Information Technology
AUB,ATLANTIC UNION BANKSHARES CORP,Financials
NJR,NEW JERSEY RESOURCES CORP,Utilities
ENPH,ENPHASE ENERGY INC,Information Technology
MSGS,MADISON SQUARE GARDEN SPORTS CORP,Communication
MATX,MATSON INC,Industrials
UBSI,UNITED BANKSHARES INC,Financials
LNC,LINCOLN NATIONAL CORP,Financials
TXNM,TXNM ENERGY INC,Utilities
SYRE,SPYRE THERAPEUTICS INC,Health Care
BKH,BLACK HILLS CORP,Utilities
ROAD,CONSTRUCTION PARTNERS INC CLASS A,Industrials
CHDN,CHURCHILL DOWNS INC,Consumer Discretionary
POR,PORTLAND GENERAL ELECTRIC,Utilities
GTX,GARRETT MOTION INC,Consumer Discretionary
BC,BRUNSWICK CORP,Consumer Discretionary
TPG,TPG INC CLASS A,Financials
MUR,MURPHY OIL CORP,Energy
CWST,CASELLA WASTE SYSTEMS INC CLASS A,Industrials
PTCT,PTC THERAPEUTICS INC,Health Care
VNO,VORNADO REALTY TRUST REIT,Real Estate
KRG,KITE REALTY GROUP TRUST REIT,Real Estate
RDN,RADIAN GROUP INC,Financials
SITE,SITEONE LANDSCAPE SUPPLY INC,Industrials
PLUG,PLUG POWER INC,Industrials
CROX,CROCS INC,Consumer Discretionary
GNTX,GENTEX CORP,Consumer Discretionary
PIPR,PIPER SANDLER COMPANIES,Financials
CORT,CORCEPT THERAPEUTICS INC,Health Care
GLNG,GOLAR LNG LTD,Energy
ACLS,AXCELIS TECHNOLOGIES INC,Information Technology
SIGI,SELECTIVE INSURANCE GROUP INC,Financials
AVTR,AVANTOR INC,Health Care
COMP,COMPASS INC CLASS A,Real Estate
RITM,RITHM CAPITAL CORP,Financials
POST,POST HOLDINGS INC,Consumer Staples
NUVL,NUVALENT INC CLASS A,Health Care
OGS,ONE GAS INC,Utilities
LYFT,LYFT INC CLASS A,Industrials
WTM,WHITE MOUNTAINS INSURANCE GROUP LT,Financials
ABCB,AMERIS BANCORP,Financials
LBRT,LIBERTY ENERGY INC CLASS A,Energy
MGY,MAGNOLIA OIL GAS CORP CLASS A,Energy
S,SENTINELONE INC CLASS A,Information Technology
ESAB,ESAB CORP,Industrials
CVSA,COVISTA INC,Consumer Discretionary
M,MACYS INC,Consumer Discretionary
CHWY,CHEWY INC CLASS A,Consumer Discretionary
LGN,LEGENCE CORP CLASS A,Industrials
MHK,MOHAWK INDUSTRIES INC,Consumer Discretionary
OZK,BANK OZK,Financials
EPAM,EPAM SYSTEMS INC,Information Technology
HOMB,HOME BANCSHARES INC,Financials
MKTX,MARKETAXESS HOLDINGS INC,Financials
SR,SPIRE INC,Utilities
SYNA,SYNAPTICS INC,Information Technology
SIRI,SIRIUSXM HOLDINGS INC,Communication
HIMS,HIMS HERS HEALTH INC CLASS A,Health Care
SBRA,SABRA HEALTH CARE REIT INC,Real Estate
UFPI,UFP INDUSTRIES INC,Industrials
SXT,SENSIENT TECHNOLOGIES CORP,Materials
PECO,PHILLIPS EDISON AND COMPANY INC,Real Estate
MSM,MSC INDUSTRIAL INC CLASS A,Industrials
COGT,COGENT BIOSCIENCES INC,Health Care
CRSP,CRISPR THERAPEUTICS AG,Health Care
HRB,H&R BLOCK INC,Consumer Discretionary
AN,AUTONATION INC,Consumer Discretionary
BSY,BENTLEY SYSTEMS INC CLASS B,Information Technology
MAT,MATTEL INC,Consumer Discretionary
UUUU,ENERGY FUELS INC,Energy
BCPC,BALCHEM CORP,Materials
AS,AMER SPORTS INC,Consumer Discretionary
PRM,PERIMETER SOLUTIONS INC,Materials
DBX,DROPBOX INC CLASS A,Information Technology
SON,SONOCO PRODUCTS,Materials
LOPE,GRAND CANYON EDUCATION INC,Consumer Discretionary
RYTM,RHYTHM PHARMACEUTICALS INC,Health Care
VSEC,VSE CORP,Industrials
GAP,GAP INC,Consumer Discretionary
KYMR,KYMERA THERAPEUTICS INC,Health Care
XENE,XENON PHARMACEUTICALS INC,Health Care
HASI,HA SUSTAINABLE INFRASTRUCTURE CAPI,Financials
BRKR,BRUKER CORP,Health Care
BIPC,BROOKFIELD INFRASTRUCTURE CORP CLA,Utilities
BEPC,BROOKFIELD RENEWABLE SUBORDINATE V,Utilities
MARA,MARA HOLDINGS INC,Information Technology
WSC,WILLSCOT HOLDINGS CORP CLASS A,Industrials
PTEN,PATTERSON UTI ENERGY INC,Energy
FND,FLOOR DECOR HOLDINGS INC CLASS A,Consumer Discretionary
CNO,CNO FINANCIAL GROUP INC,Financials
G,GENPACT LTD,Industrials
FTDR,FRONTDOOR INC,Consumer Discretionary
OLLI,OLLIES BARGAIN OUTLET HOLDINGS INC,Consumer Discretionary
BIO,BIO RAD LABORATORIES INC CLASS A,Health Care
ALK,ALASKA AIR GROUP INC,Industrials
PCTY,PAYLOCITY HOLDING CORP,Industrials
CRC,CALIFORNIA RESOURCES CORP,Energy
TCBI,TEXAS CAPITAL BANCSHARES INC,Financials
ESTC,ELASTIC NV,Information Technology
VSH,VISHAY INTERTECHNOLOGY INC,Information Technology
USAR,USA RARE EARTH INC CLASS A,Materials
OUT,OUTFRONT MEDIA INC,Real Estate
IBP,INSTALLED BUILDING PRODUCTS INC,Consumer Discretionary
OSCR,OSCAR HEALTH INC CLASS A,Financials
VNT,VONTIER CORP,Information Technology
HCC,WARRIOR MET COAL INC,Materials
DIOD,DIODES INC,Information Technology
WEX,WEX INC,Financials
INDV,INDIVIOR PHARMACEUTICALS INC,Health Care
IRDM,IRIDIUM COMMUNICATIONS INC,Communication
CNX,CNX RESOURCES CORP,Energy
CELH,CELSIUS HOLDINGS INC,Consumer Staples
SAIC,SCIENCE APPLICATIONS INTERNATIONAL,Industrials
MTN,VAIL RESORTS INC,Consumer Discretionary
BCO,BRINKS,Industrials
BDC,BELDEN INC,Information Technology
YOU,CLEAR SECURE INC CLASS A,Information Technology
KNF,KNIFE RIVER CORP,Materials
MRCY,MERCURY SYSTEMS INC,Industrials
CNR,CORE NATURAL RESOURCES INC,Energy
ATMU,ATMUS FILTRATION TECHNOLOGIES INC,Industrials
AZZ,AZZ INC,Industrials
LTH,LIFE TIME GROUP HOLDINGS INC,Consumer Discretionary
LQDA,LIQUIDIA CORP,Health Care
MTH,MERITAGE CORP,Consumer Discretionary
EPR,EPR PROPERTIES REIT,Real Estate
MIR,MIRION TECHNOLOGIES INC CLASS A,Information Technology
BOOT,BOOT BARN HOLDINGS INC,Consumer Discretionary
CWEN,CLEARWAY ENERGY INC CLASS C,Utilities
BYD,BOYD GAMING CORP,Consumer Discretionary
CGON,CG ONCOLOGY INC,Health Care
TVTX,TRAVERE THERAPEUTICS INC,Health Care
ENVA,ENOVA INTERNATIONAL INC,Financials
LPX,LOUISIANA PACIFIC CORP,Materials
TEM,TEMPUS AI INC CLASS A,Health Care
ASB,ASSOCIATED BANCORP,Financials
MDU,MDU RESOURCES GROUP INC,Utilities
PVH,PVH CORP,Consumer Discretionary
EBC,EASTERN BANKSHARES INC,Financials
CBT,CABOT CORP,Materials
CELC,CELCUITY INC,Health Care
DAN,DANA INCORPORATED INC,Consumer Discretionary
SLM,SLM CORP,Financials
FBIN,FORTUNE BRANDS INNOVATIONS INC,Industrials
LGND,LIGAND PHARMACEUTICALS INC,Health Care
FCN,FTI CONSULTING INC,Industrials
TDS,TELEPHONE AND DATA SYSTEMS INC,Communication
VIRT,VIRTU FINANCIAL INC CLASS A,Financials
PSMT,PRICESMART INC,Consumer Staples
HRI,HERC HOLDINGS INC,Industrials
GSAT,GLOBALSTAR VOTING INC,Communication
LAUR,LAUREATE EDUCATION INC,Consumer Discretionary
AX,AXOS FINANCIAL INC,Financials
BBWI,BATH AND BODY WORKS INC,Consumer Discretionary
OLED,UNIVERSAL DISPLAY CORP,Information Technology
FELE,FRANKLIN ELECTRIC INC,Industrials
CSW,CSW INDUSTRIALS INC,Industrials
PLNT,PLANET FITNESS INC CLASS A,Consumer Discretionary
CVLT,COMMVAULT SYSTEMS INC,Information Technology
CUZ,COUSINS PROPERTIES REIT INC,Real Estate
COLD,AMERICOLD REALTY INC TRUST,Real Estate
MIRM,MIRUM PHARMACEUTICALS INC,Health Care
ACIW,ACI WORLDWIDE INC,Information Technology
KBR,KBR INC,Industrials
POWI,POWER INTEGRATIONS INC,Information Technology
LAZ,LAZARD INC,Financials
NWE,NORTHWESTERN ENERGY GROUP INC,Utilities
GPI,GROUP AUTOMOTIVE INC,Consumer Discretionary
RLI,RLI CORP,Financials
EXLS,EXLSERVICE HOLDINGS INC,Industrials
WSFS,WSFS FINANCIAL CORP,Financials
URBN,URBAN OUTFITTERS INC,Consumer Discretionary
FLG,FLAGSTAR BANK NATIONAL ASSOCIATION,Financials
SRRK,SCHOLAR ROCK HOLDING CORP,Health Care
MRP,MILLROSE PROPERTIES INC CLASS A,Real Estate
INDB,INDEPENDENT BANK CORP,Financials
KAI,KADANT INC,Industrials
VVV,VALVOLINE INC,Consumer Discretionary
RUSHA,RUSH ENTERPRISES INC CLASS A,Industrials
TREX,TREX INC,Industrials
FFIN,FIRST FINANCIAL BANKSHARES INC,Financials
ACHR,ARCHER AVIATION INC CLASS A,Industrials
KRC,KILROY REALTY REIT CORP,Real Estate
TPC,TUTOR PERINI CORP,Industrials
XMTR,XOMETRY INC CLASS A,Industrials
MTRN,MATERION CORP,Materials
UNF,UNIFIRST CORP,Industrials
SHC,SOTERA HEALTH COMPANY,Health Care
TDW,TIDEWATER INC,Energy
CLSK,CLEANSPARK INC,Information Technology
CSTM,CONSTELLIUM SE CLASS A,Materials
PI,IMPINJ INC,Information Technology
STNG,SCORPIO TANKERS INC,Energy
ABG,ASBURY AUTOMOTIVE GROUP INC,Consumer Discretionary
MORN,MORNINGSTAR INC,Financials
IBOC,INTERNATIONAL BANCSHARES CORP,Financials
RELY,REMITLY GLOBAL INC,Financials
DUOL,DUOLINGO INC CLASS A,Consumer Discretionary
TPH,TRI POINTE HOMES INC,Consumer Discretionary
TNL,TRAVEL LEISURE,Consumer Discretionary
ACMR,ACM RESEARCH CLASS A INC,Information Technology
SFBS,SERVISFIRST BANCSHARES INC,Financials
CPB,CAMPBELL SOUP,Consumer Staples
HP,HELMERICH & PAYNE INC,Energy
LUNR,INTUITIVE MACHINES INC CLASS A,Industrials
NVST,ENVISTA HOLDINGS CORP,Health Care
BFAM,BRIGHT HORIZONS FAMILY SOLUTIONS I,Consumer Discretionary
SKT,TANGER INC,Real Estate
MWA,MUELLER WATER PRODUCTS INC SERIES,Industrials
MC,MOELIS CLASS A,Financials
SKY,CHAMPION HOMES INC,Consumer Discretionary
PATH,UIPATH INC CLASS A,Information Technology
IRTC,IRHYTHM HOLDINGS INC,Health Care
OPLN,OPENLANE INC,Industrials
CPRX,CATALYST PHARMACEUTICALS INC,Health Care
AIR,AAR CORP,Industrials
RNST,RENASANT CORP,Financials
LIVN,LIVANOVA PLC,Health Care
CRNX,CRINETICS PHARMACEUTICALS INC,Health Care
OSIS,OSI SYSTEMS INC,Information Technology
THO,THOR INDUSTRIES INC,Consumer Discretionary
FULT,FULTON FINANCIAL CORP,Financials
PHIN,PHINIA INC,Consumer Discretionary
SDRL,SEADRILL LTD,Energy
BGC,BGC GROUP INC CLASS A,Financials
UCB,UNITED COMMUNITY BANKS INC,Financials
ANF,ABERCROMBIE AND FITCH CLASS A,Consumer Discretionary
REZI,RESIDEO TECHNOLOGIES INC,Industrials
FBP,FIRST BANCORP,Financials
CENX,CENTURY ALUMINUM,Materials
LRN,STRIDE INC,Consumer Discretionary
UCTT,ULTRA CLEAN HOLDINGS INC,Information Technology
WHD,CACTUS INC CLASS A,Energy
AGO,ASSURED GUARANTY LTD,Financials
MMSI,MERIT MEDICAL SYSTEMS INC,Health Care
PJT,PJT PARTNERS INC CLASS A,Financials
NVTS,NAVITAS SEMICONDUCTOR CORP,Information Technology
ITRI,ITRON INC,Information Technology
CVCO,CAVCO INDUSTRIES INC,Consumer Discretionary
NWS,NEWS CORP CLASS B,Communication
AMTM,AMENTUM HOLDINGS INC,Industrials
LBRDK,LIBERTY BROADBAND CORP SERIES C,Communication
SKYW,SKYWEST INC,Industrials
OII,OCEANEERING INTERNATIONAL INC,Energy
CC,CHEMOURS,Materials
VSCO,VICTORIA S SECRET,Consumer Discretionary
NATL,NCR ATLEOS CORP,Financials
RDNT,RADNET INC,Health Care
KN,KNOWLES CORP,Information Technology
AMBA,AMBARELLA INC,Information Technology
QS,QUANTUMSCAPE CORP CLASS A,Consumer Discretionary
CATY,CATHAY GENERAL BANCORP,Financials
OLN,OLIN CORP,Materials
VCTR,VICTORY CAPITAL HOLDINGS CLASS A I,Financials
OTTR,OTTER TAIL CORP,Utilities
RNG,RINGCENTRAL INC CLASS A,Information Technology
IRT,INDEPENDENCE REALTY INC,Real Estate
CDP,COPT DEFENSE PROPERTIES,Real Estate
WING,WINGSTOP INC,Consumer Discretionary
GHC,GRAHAM HOLDINGS COMPANY CLASS B,Consumer Discretionary
STEP,STEPSTONE GROUP INC CLASS A,Financials
BMI,BADGER METER INC,Information Technology
ADT,ADT INC,Consumer Discretionary
CALM,CAL MAINE FOODS INC,Consumer Staples
MHO,M I HOMES INC,Consumer Discretionary
PII,POLARIS INC,Consumer Discretionary
FHB,FIRST HAWAIIAN INC,Financials
KTB,KONTOOR BRANDS INC,Consumer Discretionary
HLNE,HAMILTON LANE INC CLASS A,Financials
APGE,APOGEE THERAPEUTICS INC,Health Care
GFF,GRIFFON CORP,Industrials
GNW,GENWORTH FINANCIAL INC,Financials
KRMN,KARMAN HOLDINGS INC,Industrials
SIG,SIGNET JEWELERS LTD,Consumer Discretionary
BHE,BENCHMARK ELECTRONICS INC,Information Technology
ALHC,ALIGNMENT HEALTHCARE INC,Health Care
VECO,VEECO INSTRUMENTS INC,Information Technology
INSW,INTERNATIONAL SEAWAYS INC,Energy
KFY,KORN FERRY,Industrials
OGN,ORGANON,Health Care
SPHR,SPHERE ENTERTAINMENT CLASS A,Communication
APPF,APPFOLIO INC CLASS A,Information Technology
HWKN,HAWKINS INC,Materials
PBF,PBF ENERGY INC CLASS A,Energy
BHF,BRIGHTHOUSE FINANCIAL INC,Financials
FUL,HB FULLER,Materials
BOX,BOX INC CLASS A,Information Technology
PAG,PENSKE AUTOMOTIVE GROUP VOTING INC,Consumer Discretionary
AVA,AVISTA CORP,Utilities
ADEA,ADEIA INC,Information Technology
COCO,THE VITA COCO COMPANY INC,Consumer Staples
CRGY,CRESCENT ENERGY CLASS A,Energy
CVBF,CVB FINANCIAL CORP,Financials
APLE,APPLE HOSPITALITY REIT INC,Real Estate
LASR,NLIGHT INC,Information Technology
BXMT,BLACKSTONE MORTGAGE TRUST REIT CLA,Financials
OPCH,OPTION CARE HEALTH INC,Health Care
BFH,BREAD FINANCIAL HOLDINGS INC,Financials
VKTX,VIKING THERAPEUTICS INC,Health Care
CBU,COMMUNITY FINANCIAL SYSTEM INC,Financials
YETI,YETI HOLDINGS INC,Consumer Discretionary
GTLB,GITLAB INC CLASS A,Information Technology
SLGN,SILGAN HOLDINGS INC,Materials
QLYS,QUALYS INC,Information Technology
BILL,BILL HOLDINGS INC,Information Technology
DORM,DORMAN PRODUCTS INC,Consumer Discretionary
TDC,TERADATA CORP,Information Technology
ASO,ACADEMY SPORTS AND OUTDOORS INC,Consumer Discretionary
LMND,LEMONADE INC,Financials
NHI,NATIONAL HEALTH INVESTORS REIT INC,Real Estate
CHEF,CHEFS WAREHOUSE INC,Consumer Staples
KBH,KB HOME,Consumer Discretionary
MMS,MAXIMUS INC,Industrials
DK,DELEK US HOLDINGS INC,Energy
PLAB,PHOTRONICS INC,Information Technology
PATK,PATRICK INDUSTRIES INC,Consumer Discretionary
RXO,RXO INC,Industrials
DLB,DOLBY LABORATORIES INC CLASS A,Information Technology
BKD,BROOKDALE SENIOR LIVING INC,Health Care
SLNO,SOLENO THERAPEUTICS INC,Health Care
DOCS,DOXIMITY INC CLASS A,Health Care
SEI,SOLARIS OILFIELD INFRASTRUCTURE IN,Energy
WLK,WESTLAKE CORP,Materials
TNGX,TANGO THERAPEUTICS INC,Health Care
SOUN,SOUNDHOUND AI INC CLASS A,Information Technology
ORKA,ORUKA THERAPEUTICS INC,Health Care
DRS,LEONARDO DRS INC,Industrials
IAC,IAC INC,Communication
MRX,MAREX GROUP PLC,Financials
PEGA,PEGASYSTEMS INC,Information Technology
TWST,TWIST BIOSCIENCE CORP,Health Care
NMIH,NMI HOLDINGS INC,Financials
JHX,JAMES HARDIE INDUSTRIES PLC,Materials
DNTH,DIANTHUS THERAPEUTICS INC,Health Care
LEU,CENTRUS ENERGY CORP CLASS A,Energy
VRNS,VARONIS SYSTEMS INC,Information Technology
ITGR,INTEGER HOLDINGS CORP,Health Care
RYAN,RYAN SPECIALTY HOLDINGS INC CLASS,Financials
FIBK,FIRST INTERSTATE BANCSYSTEM INC,Financials
SLG,SL GREEN REALTY REIT CORP,Real Estate
CHH,CHOICE HOTELS INTERNATIONAL INC,Consumer Discretionary
DNLI,DENALI THERAPEUTICS INC,Health Care
VC,VISTEON CORP,Consumer Discretionary
CARG,CARGURUS INC CLASS A,Communication
MPT,MEDICAL PROPERTIES TRUST REIT INC,Real Estate
EXTR,EXTREME NETWORKS INC,Information Technology
WSBC,WESBANCO INC,Financials
BOH,BANK OF HAWAII CORP,Financials
AVNT,AVIENT CORP,Materials
AWR,AMERICAN STATES WATER,Utilities
PARR,PAR PACIFIC HOLDINGS INC,Energy
NSA,NATIONAL STORAGE AFFILIATES TRUST,Real Estate
PLMR,PALOMAR HOLDINGS INC,Financials
HOG,HARLEY DAVIDSON INC,Consumer Discretionary
HAE,HAEMONETICS CORP,Health Care
WT,WISDOMTREE INC,Financials
KALU,KAISER ALUMINIUM CORP,Materials
SXI,STANDEX INTERNATIONAL CORP,Industrials
RUN,SUNRUN INC,Industrials
BEAM,BEAM THERAPEUTICS INC,Health Care
NG,NOVAGOLD RESOURCES INC,Materials
PFS,PROVIDENT FINANCIAL SERVICES INC,Financials
KMT,KENNAMETAL INC,Industrials
SFNC,SIMMONS FIRST NATIONAL CORP CLASS,Financials
ASH,ASHLAND INC,Materials
EEFT,EURONET WORLDWIDE INC,Financials
LCII,LCI INDUSTRIES,Consumer Discretionary
BOKF,BOK FINANCIAL CORP,Financials
CNK,CINEMARK HOLDINGS INC,Communication
ELF,ELF BEAUTY INC,Consumer Staples
AAP,ADVANCE AUTO PARTS INC,Consumer Discretionary
LXP,LXP INDUSTRIAL TRUST,Real Estate
NTB,BANK OF NT BUTTERFIELD & SON LTD,Financials
ACAD,ACADIA PHARMACEUTICALS INC,Health Care
INOD,INNODATA INC,Industrials
VCYT,VERACYTE INC,Health Care
GPK,GRAPHIC PACKAGING HOLDING,Materials
FOUR,SHIFT4 PAYMENTS INC CLASS A,Financials
PPTA,PERPETUA RESOURCES CORP,Materials
ATKR,ATKORE INC,Industrials
GEO,GEO GROUP INC,Industrials
TOWN,TOWNEBANK,Financials
MSGE,MADISON SQUARE GARDEN ENTERTAINMEN,Communication
AEO,AMERICAN EAGLE OUTFITTERS INC,Consumer Discretionary
SHOO,STEVEN MADDEN LTD,Consumer Discretionary
DX,DYNEX CAPITAL REIT INC,Financials
CPK,CHESAPEAKE UTILITIES CORP,Utilities
WRBY,WARBY PARKER INC CLASS A,Consumer Discretionary
TRMK,TRUSTMARK CORP,Financials
BTU,PEABODY ENERGY CORP,Energy
TRN,TRINITY INDUSTRIES INC,Industrials
FFBC,FIRST FINANCIAL BANCORP,Financials
BCC,BOISE CASCADE,Industrials
UNFI,UNITED NATURAL FOODS INC,Consumer Staples
BELFB,BEL FUSE INC CLASS B,Information Technology
HGV,HILTON GRAND VACATIONS INC,Consumer Discretionary
EXPO,EXPONENT INC,Industrials
PFSI,PENNYMAC FINANCIAL SERVICES INC,Financials
ICUI,ICU MEDICAL INC,Health Care
NIC,NICOLET BANKSHARES INC,Financials
PSN,PARSONS CORP,Industrials
HAYW,HAYWARD HOLDINGS INC,Industrials
QTWO,Q2 HOLDINGS INC,Information Technology
FSLY,FASTLY INC CLASS A,Information Technology
ROG,ROGERS CORP,Information Technology
WDFC,WD-40,Consumer Staples
CLDX,CELLDEX THERAPEUTICS INC,Health Care
STNE,STONECO LTD CLASS A,Financials
CON,CONCENTRA GROUP HOLDINGS PARENT IN,Health Care
MGEE,MGE ENERGY INC,Utilities
PBH,PRESTIGE CONSUMER HEALTHCARE INC,Health Care
LOAR,LOAR HOLDINGS INC,Industrials
ANDE,ANDERSONS INC,Consumer Staples
PRDO,PERDOCEO EDUCATION CORP,Consumer Discretionary
IPGP,IPG PHOTONICS CORP,Information Technology
DYN,DYNE THERAPEUTICS INC,Health Care
RHI,ROBERT HALF,Industrials
HIW,HIGHWOODS PROPERTIES REIT INC,Real Estate
DAVE,DAVE INC CLASS A,Financials
MGRC,MCGRATH RENT,Industrials
VISN,VISTANCE NETWORKS INC,Information Technology
AEHR,AEHR TEST SYSTEMS,Information Technology
MCY,MERCURY GENERAL CORP,Financials
BLBD,BLUE BIRD CORP,Industrials
UI,UBIQUITI INC,Information Technology
CECO,CECO ENVIRONMENTAL CORP,Industrials
FBNC,FIRST BANCORP,Financials
EOSE,EOS ENERGY ENTERPRISES INC CLASS A,Industrials
KD,KYNDRYL HOLDINGS INC,Information Technology
NGVT,INGEVITY CORP,Materials
EWTX,EDGEWISE THERAPEUTICS INC,Health Care
CTRI,CENTURI HOLDINGS INC,Industrials
ARCB,ARCBEST CORP,Industrials
BATRK,ATLANTA BRAVES HOLDINGS INC SERIES,Communication
IMVT,IMMUNOVANT INC,Health Care
PENN,PENN ENTERTAINMENT INC,Consumer Discretionary
BCRX,BIOCRYST PHARMACEUTICALS INC,Health Care
PENG,PENGUIN SOLUTIONS INC,Information Technology
ABM,ABM INDUSTRIES INC,Industrials
IMNM,IMMUNOME INC,Health Care
FCPT,FOUR CORNERS PROPERTY INC TRUST,Real Estate
SBCF,SEACOAST BANKING OF FLORIDA,Financials
SUPN,SUPERNUS PHARMACEUTICALS INC,Health Care
MTX,MINERALS TECHNOLOGIES INC,Materials
CWT,CALIFORNIA WATER SERVICE GROUP,Utilities
ARQT,ARCUTIS BIOTHERAPEUTICS INC,Health Care
GPOR,GULFPORT ENERGY CORP,Energy
ACHC,ACADIA HEALTHCARE COMPANY INC,Health Care
AKR,ACADIA REALTY TRUST REIT,Real Estate
WAFD,WAFD INC,Financials
RARE,ULTRAGENYX PHARMACEUTICAL INC,Health Care
PRVA,PRIVIA HEALTH GROUP INC,Health Care
AMSC,AMERICAN SUPERCONDUCTOR CORP,Industrials
UE,URBAN EDGE PROPERTIES,Real Estate
HUBG,HUB GROUP INC CLASS A,Industrials
DBRG,DIGITALBRIDGE GROUP INC CLASS A,Financials
NMRK,NEWMARK GROUP INC CLASS A,Real Estate
RRR,RED ROCK RESORTS ORS CLASS A INC,Consumer Discretionary
CURB,CURBLINE PROPERTIES,Real Estate
CAKE,CHEESECAKE FACTORY INC,Consumer Discretionary
LINE,LINEAGE INC,Real Estate
DNOW,DNOW INC,Industrials
NTCT,NETSCOUT SYSTEMS INC,Information Technology
HUN,HUNTSMAN CORP,Materials
KNTK,KINETIK HOLDINGS INC CLASS A,Energy
BANF,BANCFIRST CORP,Financials
SPB,SPECTRUM BRANDS HOLDINGS INC,Consumer Staples
TENB,TENABLE HOLDINGS INC,Information Technology
PK,PARK HOTELS RESORTS INC,Real Estate
NSIT,INSIGHT ENTERPRISES INC,Information Technology
IBRX,IMMUNITYBIO INC,Health Care
TXG,10X GENOMICS INC CLASS A,Health Care
ATEN,A10 NETWORKS INC,Information Technology
CSGS,CSG SYSTEMS INTERNATIONAL INC,Industrials
PLUS,EPLUS,Information Technology
CXW,CORECIVIC REIT INC,Industrials
BANR,BANNER CORP,Financials
SMG,SCOTTS MIRACLE GRO,Materials
IDYA,IDEAYA BIOSCIENCES INC,Health Care
TARS,TARSUS PHARMACEUTICALS INC,Health Care
OSW,ONESPAWORLD HOLDINGS LTD,Consumer Discretionary
RSI,RUSH STREET INTERACTIVE INC CLASS,Consumer Discretionary
LION,LIONSGATE STUDIOS CORP,Communication
CAR,AVIS BUDGET GROUP INC,Industrials
CACC,CREDIT ACCEPTANCE CORP,Financials
CCC,CCC INTELLIGENT SOLUTIONS HOLDINGS,Information Technology
ATRO,ASTRONICS CORP,Industrials
UPST,UPSTART HOLDINGS INC,Financials
HLIO,HELIOS TECHNOLOGIES INC,Industrials
DFTX,DEFINIUM THERAPEUTICS INC,Health Care
BANC,BANC OF CALIFORNIA INC,Financials
AUPH,AURINIA PHARMACEUTICALS INC,Health Care
SHAK,SHAKE SHACK INC CLASS A,Consumer Discretionary
GOLF,ACUSHNET HOLDINGS CORP,Consumer Discretionary
DCO,DUCOMMUN INC,Industrials
AAMI,ACADIAN ASSET MANAGEMENT INC,Financials
LINC,LINCOLN EDUCATIONAL SERVICES CORP,Consumer Discretionary
WHR,WHIRLPOOL CORP,Consumer Discretionary
PRK,PARK NATIONAL CORP,Financials
DRH,DIAMONDROCK HOSPITALITY,Real Estate
AMRX,AMNEAL PHARMACEUTICALS INC CLASS A,Health Care
NWN,NORTHWEST NATURAL HOLDING COMPANY,Utilities
VRRM,VERRA MOBILITY CORP CLASS A,Industrials
QUBT,QUANTUM COMPUTING INC,Information Technology
FRPT,FRESHPET INC,Consumer Staples
HE,HAWAIIAN ELECTRIC INDUSTRIES INC,Utilities
CALX,CALIX NETWORKS INC,Information Technology
CALY,CALLAWAY GOLF COMPANY,Consumer Discretionary
BUSE,FIRST BUSEY CORP,Financials
SMMT,SUMMIT THERAPEUTICS INC,Health Care
THR,THERMON GROUP HOLDINGS INC,Industrials
WK,WORKIVA INC CLASS A,Information Technology
MZTI,MARZETTI,Consumer Staples
CNS,COHEN & STEERS INC,Financials
IRON,DISC MEDICINE INC,Health Care
VERA,VERA THERAPEUTICS INC CLASS A,Health Care
WU,WESTERN UNION,Financials
GPGI,GPGI INC CLASS A,Information Technology
AMPX,AMPRIUS TECHNOLOGIES INC,Industrials
TBBK,BANCORP INC,Financials
HNI,HNI CORP,Industrials
IVT,INVENTRUST PROPERTIES CORP,Real Estate
CLMT,CALUMET INC,Energy
NOG,NORTHERN OIL AND GAS INC,Energy
FRME,FIRST MERCHANTS CORP,Financials
WERN,WERNER ENTERPRISES INC,Industrials
DGII,DIGI INTERNATIONAL INC,Information Technology
TMDX,TRANSMEDICS GROUP INC,Health Care
KOD,KODIAK SCIENCES INC,Health Care
SHO,SUNSTONE HOTEL INVESTORS REIT INC,Real Estate
DHT,DHT HOLDINGS INC,Energy
ADPT,ADAPTIVE BIOTECHNOLOGIES CORP,Health Care
APAM,ARTISAN PARTNERS ASSET MANAGEMENT,Financials
BBT,BEACON FINANCIAL CORP,Financials
XRAY,DENTSPLY SIRONA INC,Health Care
FWONA,LIBERTY MEDIA FORMULA ONE SERIES A,Communication
UTI,UNIVERSAL TECHNICAL INSTITUTE INC,Consumer Discretionary
RLAY,RELAY THERAPEUTICS INC,Health Care
ADNT,ADIENT PLC,Consumer Discretionary
ADMA,ADMA BIOLOGICS INC,Health Care
TALO,TALOS ENERGY INC,Energy
EFSC,ENTERPRISE FINANCIAL SERVICES CORP,Financials
ICHR,ICHOR HOLDINGS LTD,Information Technology
WAY,WAYSTAR HOLDING CORP,Health Care
COHU,COHU INC,Information Technology
EPAC,ENERPAC TOOL GROUP CORP CLASS A,Industrials
AMR,ALPHA METALLURGICAL RESOURCE INC,Materials
RH,RH,Consumer Discretionary
CUBI,CUSTOMERS BANCORP INC,Financials
VAC,MARRIOTT VACATIONS WORLDWIDE CORP,Consumer Discretionary
FBK,FB FINANCIAL CORP,Financials
SYBT,STOCK YARDS BANCORP INC,Financials
ZD,ZIFF DAVIS INC,Communication
NBTB,NBT BANCORP INC,Financials
PTON,PELOTON INTERACTIVE CLASS A INC,Consumer Discretionary
CPRI,CAPRI HOLDINGS LTD,Consumer Discretionary
CXT,CRANE NXT,Information Technology
GRAL,GRAIL INC,Health Care
GRBK,GREEN BRICK PARTNERS INC,Consumer Discretionary
LBTYK,LIBERTY GLOBAL LTD CLASS C,Communication
NWBI,NORTHWEST BANCSHARES INC,Financials
RCUS,ARCUS BIOSCIENCES INC,Health Care
CENTA,CENTRAL GARDEN AND PET CLASS A,Consumer Staples
LBTYA,LIBERTY GLOBAL LTD CLASS A,Communication
IOSP,INNOSPEC INC,Materials
ELVN,ENLIVEN THERAPEUTICS INC,Health Care
NTST,NETSTREIT CORP,Real Estate
ALRM,ALARM.COM HOLDINGS INC,Information Technology
ECPG,ENCORE CAPITAL GROUP INC,Financials
BWIN,BALDWIN INSURANCE GROUP INC CLASS,Financials
CWK,CUSHMAN AND WAKEFIELD LTD,Real Estate
PRLB,PROTO LABS INC,Industrials
BULL,WEBULL CORP CLASS A,Financials
DEI,DOUGLAS EMMETT REIT INC,Real Estate
DHC,DIVERSIFIED HEALTHCARE TRUST,Real Estate
WD,WALKER & DUNLOP INC,Financials
XHR,XENIA HOTELS RESORTS REIT INC,Real Estate
KWR,QUAKER HOUGHTON CORP,Materials
AIN,ALBANY INTERNATIONAL CORP CLASS A,Industrials
HTH,HILLTOP HOLDINGS INC,Financials
GNL,GLOBAL NET LEASE INC,Real Estate
OMCL,OMNICELL INC,Health Care
HHH,HOWARD HUGHES HOLDINGS INC,Real Estate
MD,PEDIATRIX MEDICAL GROUP INC,Health Care
NEOG,NEOGEN CORP,Health Care
PGNY,PROGYNY INC,Health Care
TNK,TEEKAY TANKERS LTD CLASS A,Energy
CASH,PATHWARD FINANCIAL INC,Financials
OUST,OUSTER INC,Information Technology
CTS,CTS CORP,Information Technology
ASTH,ASTRANA HEALTH INC,Health Care
STEL,STELLAR BANCORP INC,Financials
SPSC,SPS COMMERCE INC,Information Technology
ZG,ZILLOW GROUP INC CLASS A,Real Estate
HMN,HORACE MANN EDUCATORS CORP,Financials
PEB,PEBBLEBROOK HOTEL TRUST REIT,Real Estate
NVCR,NOVOCURE LTD,Health Care
WKC,WORLD KINECT CORP,Energy
KMPR,KEMPER CORP,Financials
LLYVA,LIBERTY LIVE HOLDINGS INC SERIES A,Consumer Discretionary
HURN,HURON CONSULTING GROUP INC,Industrials
AIP,ARTERIS INC,Information Technology
BBAI,BIGBEAR.AI HOLDINGS INC,Information Technology
FLYW,FLYWIRE CORP,Financials
ERAS,ERASCA INC,Health Care
NN,NEXTNAV INC,Information Technology
DBD,DIEBOLD NIXDORF INC,Information Technology
FUN,SIX FLAGS ENTERTAINMENT CORP,Consumer Discretionary
AMBQ,AMBIQ MICRO INC,Information Technology
RAMP,LIVERAMP HOLDINGS INC,Information Technology
WLY,JOHN WILEY AND SONS INC CLASS A,Communication
COLM,COLUMBIA SPORTSWEAR,Consumer Discretionary
OFG,OFG BANCORP,Financials
SONO,SONOS INC,Consumer Discretionary
VCEL,VERICEL CORP,Health Care
LMAT,LEMAITRE VASCULAR INC,Health Care
AGIO,AGIOS PHARMACEUTICALS INC,Health Care
SGHC,SUPER GROUP LTD,Consumer Discretionary
SRPT,SAREPTA THERAPEUTICS INC,Health Care
NWL,NEWELL BRANDS INC,Consumer Discretionary
STRA,STRATEGIC EDUCATION INC,Consumer Discretionary
ARR,ARMOUR RESIDENTIAL REIT INC,Financials
BIRK,BIRKENSTOCK HOLDING PLC,Consumer Discretionary
STC,STEWART INFO SERVICES CORP,Financials
VVX,V2X INC,Industrials
CHCO,CITY HOLDING,Financials
GHM,GRAHAM CORP,Industrials
VRE,VERIS RESIDENTIAL INC,Real Estate
TSHA,TAYSHA GENE THERAPIES INC,Health Care
SMA,SMARTSTOP SELF STORAGE REIT INC,Real Estate
PAGS,PAGSEGURO DIGITAL LTD CLASS A,Financials
VSTS,VESTIS CORP,Industrials
ANAB,ANAPTYSBIO INC,Health Care
TTI,TETRA TECHNOLOGIES INC,Energy
NWPX,NWPX INFRASTRUCTURE INC,Industrials
ARI,APOLLO COMMERCIAL REAL ESTATE FINA,Financials
EFC,ELLINGTON FINANCIAL INC,Financials
EVTC,EVERTEC INC,Financials
SILA,SILA RLTY TR INC TRUST,Real Estate
QCRH,QCR HOLDINGS INC,Financials
NVRI,ENVIRI CORP,Industrials
BRZE,BRAZE INC CLASS A,Information Technology
GABC,GERMAN AMERICAN BANCORP INC,Financials
REX,REX AMERICAN RESOURCES CORP,Energy
IPAR,INTERPARFUMS INC,Consumer Staples
FRSH,FRESHWORKS INC CLASS A,Information Technology
FCF,FIRST COMMONWEALTH FINANCIAL CORP,Financials
AXGN,AXOGEN INC,Health Care
LZB,LA-Z-BOY INC,Consumer Discretionary
SFL,SFL LTD,Energy
GT,GOODYEAR TIRE & RUBBER,Consumer Discretionary
MGNI,MAGNITE INC,Communication
HCSG,HEALTHCARE SERVICES GROUP INC,Industrials
SEM,SELECT MEDICAL HOLDINGS CORP,Health Care
NRIX,NURIX THERAPEUTICS INC,Health Care
NCNO,NCINO INC,Information Technology
AGM,FEDERAL AGRICULTURAL MORTGAGE NON,Financials
HTO,H2O AMERICA,Utilities
UFPT,UFP TECHNOLOGIES INC,Health Care
SOC,SABLE OFFSHORE CORP CLASS A,Energy
PACS,PACS GROUP INC,Health Care
BAND,BANDWIDTH INC CLASS A,Communication
SAM,BOSTON BEER INC CLASS A,Consumer Staples
SNDR,SCHNEIDER NATIONAL INC CLASS B,Industrials
NESR,NATIONAL ENERGY SERVICES REUNITED,Energy
ANIP,ANI PHARMACEUTICALS INC,Health Care
YELP,YELP INC,Communication
VOYG,VOYAGER TECHNOLOGIES INC CLASS A,Industrials
IIPR,INNOVATIVE INDUSTRIAL PROPERTIES I,Real Estate
HLIT,HARMONIC INC,Information Technology
INVA,INNOVIVA INC,Health Care
WOR,WORTHINGTON ENTERPRISES INC,Industrials
STOK,STOKE THERAPEUTICS INC,Health Care
BFC,BANK FIRST CORP,Financials
MCRI,MONARCH CASINO AND RESORT INC,Consumer Discretionary
UNIT,UNITI GROUP INC,Communication
FMC,FMC CORP,Materials
ADUS,ADDUS HOMECARE CORP,Health Care
RLJ,RLJ LODGING TRUST REIT,Real Estate
GBX,GREENBRIER INC,Industrials
DXPE,DXP ENTERPRISES INC,Industrials
WTTR,SELECT WATER SOLUTIONS INC CLASS A,Energy
OCUL,OCULAR THERAPEUTIX INC,Health Care
GEF,GREIF INC CLASS A,Materials
SNDX,SYNDAX PHARMACEUTICALS INC,Health Care
NPKI,NPK INTERNATIONAL INC,Industrials
CBL,CBL ASSOCIATES PROPERTIES INC,Real Estate
AGYS,AGILYSYS INC,Information Technology
WABC,WESTAMERICA BANCORPORATION,Financials
FIVN,FIVE9 INC,Information Technology
IE,IVANHOE ELECTRIC INC,Materials
DDS,DILLARDS INC CLASS A,Consumer Discretionary
CNOB,CONNECTONE BANCORP INC,Financials
PRGO,PERRIGO PLC,Health Care
SMR,NUSCALE POWER CORP CLASS A,Industrials
NNI,NELNET INC CLASS A,Financials
XPRO,EXPRO GROUP HOLDINGS NV,Energy
TILE,INTERFACE INC,Industrials
DCH,DAUCH CORPORATION,Consumer Discretionary
CMPR,CIMPRESS PLC,Industrials
TIC,TIC SOLUTIONS INC,Industrials
WEN,WENDYS,Consumer Discretionary
TRS,TRIMAS CORP,Materials
MQ,MARQETA INC CLASS A,Financials
LC,LENDINGCLUB CORP,Financials
DXC,DXC TECHNOLOGY,Information Technology
SHLS,SHOALS TECHNOLOGIES GROUP INC CLAS,Industrials
OI,O I GLASS INC,Materials
PDFS,PDF SOLUTIONS INC,Information Technology
CAPR,CAPRICOR THERAPEUTICS INC,Health Care
STBA,S AND T BANCORP INC,Financials
CBZ,CBIZ INC,Industrials
GTY,GETTY REALTY REIT CORP,Real Estate
SPNT,SIRIUSPOINT LTD,Financials
NSSC,NAPCO SECURITY TECHNOLOGIES INC,Information Technology
LPG,DORIAN LPG LTD,Energy
LTC,LTC PROPERTIES REIT INC,Real Estate
TNC,TENNANT,Industrials
FLO,FLOWERS FOODS INC,Consumer Staples
BORR,BORR DRILLING LTD,Energy
NVAX,NOVAVAX INC,Health Care
JBLU,JETBLUE AIRWAYS CORP,Industrials
CLOV,CLOVER HEALTH INVESTMENTS CORP CLA,Health Care
HCI,HCI GROUP INC,Financials
AVPT,AVEPOINT INC CLASS A,Information Technology
ECVT,ECOVYST INC,Materials
FIGR,FIGURE TECHNOLOGY SOLUTIONS INC CL,Financials
ORC,ORCHID ISLAND CAPITAL INC,Financials
SKWD,SKYWARD SPECIALTY INSURANCE GROUP,Financials
USLM,UNITED STATES LIME AND MINERALS IN,Materials
BL,BLACKLINE INC,Information Technology
STAA,STAAR SURGICAL,Health Care
CCS,CENTURY COMMUNITIES INC,Consumer Discretionary
ALMS,ALUMIS INC,Health Care
TFIN,TRIUMPH FINANCIAL INC,Financials
WLDN,WILLDAN GROUP INC,Industrials
BLSH,BULLISH,Financials
KOS,KOSMOS ENERGY LTD,Energy
HLF,HERBALIFE LTD,Consumer Staples
JBIO,JADE BIOSCIENCES INC,Health Care
TRVI,TREVI THERAPEUTICS INC,Health Care
ALG,ALAMO GROUP INC,Industrials
LFST,LIFESTANCE HEALTH GROUP INC,Health Care
HLX,HELIX ENERGY SOLUTIONS GROUP INC,Energy
UVE,UNIVERSAL INSURANCE HOLDINGS INC,Financials
PRKS,UNITED PARKS AND RESORTS INC,Consumer Discretionary
TPB,TURNING POINT BRANDS INC,Consumer Staples
ACT,ENACT HOLDINGS INC,Financials
SLVM,SYLVAMO CORP,Materials
TCBK,TRICO BANCSHARES,Financials
CAI,CARIS LIFE SCIENCES INC,Health Care
ENOV,ENOVIS CORP,Health Care
PRG,PROG HOLDINGS INC,Financials
SEZL,SEZZLE INC,Financials
GLOB,GLOBANT SA,Information Technology
ARDX,ARDELYX INC,Health Care
UVV,UNIVERSAL CORP,Consumer Staples
GRC,GORMAN-RUPP,Industrials
SLDE,SLIDE INSURANCE HOLDINGS INC,Financials
HRMY,HARMONY BIOSCIENCES HLDG INC,Health Care
ARRY,ARRAY TECHNOLOGIES INC,Industrials
PRCT,PROCEPT BIOROBOTICS CORP,Health Care
PAYO,PAYONEER GLOBAL INC,Financials
BLKB,BLACKBAUD INC,Information Technology
KSS,KOHLS CORP,Consumer Discretionary
WWW,WOLVERINE WORLD WIDE INC,Consumer Discretionary
HOPE,HOPE BANCORP INC,Financials
RYZ,RYERSON HOLDING CORP,Materials
SFD,SMITHFIELD FOODS INC,Consumer Staples
CRVS,CORVUS PHARMACEUTICALS INC,Health Care
EYE,NATIONAL VISION HOLDINGS INC,Consumer Discretionary
HLMN,HILLMAN SOLUTIONS CORP,Industrials
KW,KENNEDY WILSON HOLDINGS INC,Real Estate
AMLX,AMYLYX PHARMACEUTICALS INC,Health Care
ZYME,ZYMEWORKS INC,Health Care
MIAX,MIAMI INTERNATIONAL HOLDINGS INC,Financials
AESI,ATLAS ENERGY SOLUTIONS INC,Energy
LEG,LEGGETT & PLATT INC,Consumer Discretionary
GPRE,GREEN PLAINS INC,Energy
LKFN,LAKELAND FINANCIAL CORP,Financials
DCOM,DIME COMMUNITY BANCSHARES INC,Financials
FLNC,FLUENCE ENERGY INC CLASS A,Industrials
FTRE,FORTREA HOLDINGS INC,Health Care
SBH,SALLY BEAUTY HOLDINGS INC,Consumer Discretionary
BKSY,BLACKSKY TECHNOLOGY INC CLASS A,Industrials
SKYT,SKYWATER TECHNOLOGY INC,Information Technology
TNET,TRINET GROUP INCINARY,Industrials
PUMP,PROPETRO HOLDING CORP,Energy
NTLA,INTELLIA THERAPEUTICS INC,Health Care
CRI,CARTERS INC,Consumer Discretionary
LILAK,LIBERTY LATIN AMERICA LTD CLASS C,Communication
GIII,G III APPAREL GROUP LTD,Consumer Discretionary
DV,DOUBLEVERIFY HOLDINGS INC,Communication
BRBR,BELLRING BRANDS INC,Consumer Staples
ENR,ENERGIZER HOLDINGS INC,Consumer Staples
TE,T1 ENERGY INC,Information Technology
NBHC,NATIONAL BANK HOLDINGS CORP CLASS,Financials
BKE,BUCKLE INC,Consumer Discretionary
PLGO,PELAGOS INSURANCE CAPITAL LTD,Financials
CRK,COMSTOCK RESOURCES INC,Energy
LNN,LINDSAY CORP,Industrials
NUVB,NUVATION BIO INC CLASS A,Health Care
GTM,ZOOMINFO TECHNOLOGIES INC,Communication
VRDN,VIRIDIAN THERAPEUTICS ORS INC,Health Care
VPG,VISHAY PRECISION GROUP INC,Information Technology
RDW,REDWIRE CORP,Industrials
INSP,INSPIRE MEDICAL SYSTEMS INC,Health Care
PRA,PROASSURANCE CORP,Financials
ATRC,ATRICURE INC,Health Care
OBK,ORIGIN BANCORP INC,Financials
FDP,FRESH DEL MONTE PRODUCE INC,Consumer Staples
IMAX,IMAX CORP,Communication
PEBO,PEOPLES BANCORP INC,Financials
HG,HAMILTON INSURANCE GROUP LTD CLASS,Financials
CSR,CENTERSPACE,Real Estate
COLL,COLLEGIUM PHARMACEUTICAL INC,Health Care
WS,WORTHINGTON STEEL INC,Materials
BRSL,BRIGHTSTAR LOTTERY PLC,Consumer Discretionary
GBTG,GLOBAL BUSINESS TRAVEL GROUP INC C,Consumer Discretionary
BTDR,BITDEER TECHNOLOGIES GROUP CLASS A,Information Technology
MAN,MANPOWER INC,Industrials
ROCK,GIBRALTAR INDUSTRIES INC,Industrials
REYN,REYNOLDS CONSUMER PRODUCTS INC,Consumer Staples
SCL,STEPAN,Materials
MLKN,MILLERKNOLL INC,Industrials
PRGS,PROGRESS SOFTWARE CORP,Information Technology
MPLT,MAPLIGHT THERAPEUTICS INC,Health Care
CNXC,CONCENTRIX CORP,Industrials
FMNB,FARMERS NATIONAL BANC CORP,Financials
SBSI,SOUTHSIDE BANCSHARES INC,Financials
PNTG,PENNANT GROUP INC,Health Care
PLPC,PREFORMED LINE PRODUCTS,Industrials
VYX,NCR VOYIX CORP,Information Technology
INTA,INTAPP INC,Information Technology
KOPN,KOPIN CORP,Information Technology
ALKT,ALKAMI TECHNOLOGY INC,Information Technology
TDOC,TELADOC HEALTH INC,Health Care
LOB,LIVE OAK BANCSHARES INC,Financials
CMRE,COSTAMARE INC,Industrials
WSR,WHITESTONE REIT,Real Estate
CLVT,CLARIVATE PLC,Industrials
CFFN,CAPITOL FEDERAL FINANCIAL INC,Financials
TWO,TWO HARBORS INVESTMENT CORP,Financials
AVNS,AVANOS MEDICAL INC,Health Care
TROX,TRONOX HOLDINGS PLC,Materials
JJSF,J AND J SNACK FOODS CORP,Consumer Staples
XERS,XERIS BIOPHARMA HOLDINGS INC,Health Care
AMN,AMN HEALTHCARE INC,Health Care
FA,FIRST ADVANTAGE CORP,Industrials
ASTE,ASTEC INDUSTRIES INC,Industrials
RXRX,RECURSION PHARMACEUTICALS INC CLAS,Health Care
ALH,ALLIANCE LAUNDRY HOLDINGS INC,Industrials
ADTN,ADTRAN HOLDINGS INC,Information Technology
UFCS,UNITED FIRE GROUP INC,Financials
URGN,UROGEN PHARMA LTD,Health Care
MLYS,MINERALYS THERAPEUTICS INC,Health Care
FMBH,FIRST MID BANCSHARES INC,Financials
EYPT,EYEPOINT INC,Health Care
PPC,PILGRIMS PRIDE CORP,Consumer Staples
ICFI,ICF INTERNATIONAL INC,Industrials
IART,INTEGRA LIFESCIENCES HOLDINGS CORP,Health Care
PRCH,PORCH GROUP INC,Information Technology
PWP,PERELLA WEINBERG PARTNERS CLASS A,Financials
SRCE,1ST SOURCE CORP,Financials
NAT,NORDIC AMERICAN TANKERS LTD,Energy
PZZA,PAPA JOHNS INTERNATIONAL INC,Consumer Discretionary
LXU,LSB INDUSTRIES INC,Materials
SCSC,SCANSOURCE INC,Information Technology
RAPP,RAPPORT THERAPEUTICS INC,Health Care
MFA,MFA FINANCIAL INC,Financials
NEO,NEOGENOMICS INC,Health Care
ASST,STRIVE INC CLASS A,Health Care
FIGS,FIGS INC CLASS A,Consumer Discretionary
SGRY,SURGERY PARTNERS INC,Health Care
SLS,SELLAS LIFE SCIENCES GROUP INC,Health Care
UPBD,UPBOUND GROUP INC,Consumer Discretionary
PCT,PURECYCLE TECHNOLOGIES INC,Materials
MBX,MBX BIOSCIENCES INC,Health Care
TMP,TOMPKINS FINANCIAL CORP,Financials
LADR,LADDER CAPITAL CORP CLASS A,Financials
ENVX,ENOVIX CORP,Industrials
CNMD,CONMED CORP,Health Care
OMER,OMEROS CORP,Health Care
COUR,COURSERA INC,Consumer Discretionary
ETON,ETON PHARMACEUTCIALS INC,Health Care
ARLO,ARLO TECHNOLOGIES INC,Information Technology
DOLE,DOLE PLC,Consumer Staples
NSP,INSPERITY INC,Industrials
TALK,TALKSPACE INC,Health Care
PDM,PIEDMONT REALTY TRUST INC CLASS A,Real Estate
EPC,EDGEWELL PERSONAL CARE,Consumer Staples
ALGT,ALLEGIANT TRAVEL,Industrials
OCFC,OCEANFIRST FINANCIAL CORP,Financials
XPEL,XPEL INC,Consumer Discretionary
PCRX,PACIRA BIOSCIENCES INC,Health Care
INVX,INNOVEX INTERNATIONAL INC,Energy
IDT,IDT CORP CLASS B,Communication
DAKT,DAKTRONICS INC,Information Technology
WINA,WINMARK CORP,Consumer Discretionary
CGEM,CULLINAN THERAPEUTICS INC,Health Care
LGIH,LGI HOMES INC,Consumer Discretionary
UVSP,UNIVEST FINANCIAL CORP,Financials
CMP,COMPASS MINERALS INTERNATIONAL INC,Materials
MSEX,MIDDLESEX WATER,Utilities
GLUE,MONTE ROSA THERAPEUTICS INC,Health Care
SCHL,SCHOLASTIC CORP,Communication
NEXT,NEXTDECADE CORP,Energy
CIM,CHIMERA INVESTMENT CORP,Financials
CPF,CENTRAL PACIFIC FINANCIAL CORP,Financials
AOSL,ALPHA AND OMEGA SEMICONDUCTOR LTD,Information Technology
CDNA,CAREDX INC,Health Care
TRIP,TRIPADVISOR INC,Communication
IDR,IDAHO STRATEGIC RESOURCES INC,Materials
JBGS,JBG SMITH PROPERTIES,Real Estate
SAFT,SAFETY INSURANCE GROUP INC,Financials
MNKD,MANNKIND CORP,Health Care
SMBK,SMARTFINANCIAL INC,Financials
THRM,GENTHERM INC,Consumer Discretionary
VTOL,BRISTOW GROUP INC,Energy
AAT,AMERICAN ASSETS TRUST REIT INC,Real Estate
UA,UNDER ARMOUR INC CLASS C,Consumer Discretionary
UPWK,UPWORK INC,Industrials
RCAT,RED CAT HOLDINGS INC,Industrials
SMPL,THE SIMPLY GOOD FOODS COMPANY,Consumer Staples
TBPH,THERAVANCE BIOPHARMA INC,Health Care
UAA,UNDER ARMOUR INC CLASS A,Consumer Discretionary
AI,C3 AI INC CLASS A,Information Technology
SAH,SONIC AUTOMOTIVE INC CLASS A,Consumer Discretionary
CVI,CVR ENERGY INC,Energy
REAL,THE REALREAL INC,Consumer Discretionary
FLY,FIREFLY AEROSPACE INC,Industrials
PMT,PENNYMAC MORTGAGE INVESTMENT TRUST,Financials
ASC,ARDMORE SHIPPING CORP,Energy
DLX,DELUXE CORP,Industrials
ATEC,ALPHATEC HOLDNGS INC,Health Care
PGEN,PRECIGEN INC,Health Care
VRTS,VIRTUS INVESTMENT PARTNERS INC,Financials
CTBI,COMMUNITY TRUST BANCORP INC,Financials
HTB,HOMETRUST BANCSHARES INC,Financials
WLFC,WILLIS LEASE FINANCE CORP,Industrials
DFIN,DONNELLEY FINANCIAL SOLUTIONS INC,Financials
FG,F&G ANNUITIES AND LIFE INC,Financials
BJRI,BJS RESTAURANTS INC,Consumer Discretionary
APOG,APOGEE ENTERPRISES INC,Industrials
GENI,GENIUS SPORTS LTD,Consumer Discretionary
OSBC,OLD SECOND BANCORP INC,Financials
APEI,AMERICAN PUBLIC EDUCATION INC,Consumer Discretionary
PLOW,DOUGLAS DYNAMICS INC,Industrials
MCHB,MECHANICS BANCORP CLASS A,Financials
BHRB,BURKE HERBERT FINANCIAL SERVICES C,Financials
CODI,COMPASS DIVERSIFIED,Financials
MBWM,MERCANTILE BANK CORP,Financials
HAFC,HANMI FINANCIAL CORP,Financials
CRAI,CRA INTERNATIONAL INC,Industrials
VERX,VERTEX INC CLASS A,Information Technology
CVLG,COVENANT LOGISTICS GROUP INC CLASS,Industrials
UMH,UMH PROPERTIES INC,Real Estate
MBC,MASTERBRAND INC,Industrials
BUR,BURFORD CAPITAL LTD,Financials
HFWA,HERITAGE FINANCIAL CORP,Financials
ESQ,ESQUIRE FINANCIAL HOLDINGS INC,Financials
DEA,EASTERLY GOVERNMENT PROPERTIES INC,Real Estate
ABR,ARBOR REALTY TRUST REIT INC,Financials
GCT,GIGACLOUD TECHNOLOGY INC CLASS A,Consumer Discretionary
RBCAA,REPUBLIC BANCORP INC CLASS A,Financials
BY,BYLINE BANCORP INC,Financials
MCBS,METROCITY BANKSHARES INC,Financials
UAMY,UNITED STATES ANTIMONY CORP,Materials
MBIN,MERCHANTS BANCORP,Financials
AORT,ARTIVION INC,Health Care
IRMD,IRADIMED CORP,Health Care
TYRA,TYRA BIOSCIENCES INC,Health Care
LIND,LINDBLAD EXPEDITIONS HOLDINGS INC,Consumer Discretionary
BRSP,BRIGHTSPIRE CAPITAL INC CLASS A,Financials
IOVA,IOVANCE BIOTHERAPEUTICS INC,Health Care
BZH,BEAZER HOMES INC,Consumer Discretionary
GERN,GERON CORP,Health Care
NRIM,NORTHRIM BANCORP INC,Financials
ACVA,ACV AUCTIONS INC CLASS A,Industrials
FIZZ,NATIONAL BEVERAGE CORP,Consumer Staples
GNK,GENCO SHIPPING AND TRADING LTD,Industrials
GSHD,GOOSEHEAD INSURANCE INC CLASS A,Financials
TNDM,TANDEM DIABETES CARE INC,Health Care
ORRF,ORRSTOWN FINANCIAL SERVICES INC,Financials
PVLA,PALVELLA THERAPEUTICS INC,Health Care
AMRC,AMERESCO INC CLASS A,Industrials
OLMA,OLEMA PHARMACEUTICALS INC,Health Care
WGO,WINNEBAGO INDUSTRIES INC,Consumer Discretionary
FLNG,FLEX LNG LTD,Energy
TGLS,TECNOGLASS INC,Industrials
NBR,NABORS INDUSTRIES LTD,Energy
TFSL,TFS FINANCIAL CORP,Financials
NTGR,NETGEAR INC,Information Technology
INBX,INHIBRX BIOSCIENCES INC,Health Care
NX,QUANEX BUILDING PRODUCTS CORP,Industrials
PLSE,PULSE BIOSCIENCES INC,Health Care
KOP,KOPPERS HOLDINGS INC,Materials
LQDT,LIQUIDITY SERVICES INC,Industrials
CNNE,CANNAE HOLDINGS INC,Financials
CARE,CARTER BANKSHARES INC,Financials
SVRA,SAVARA INC,Health Care
MYE,MYERS INDUSTRIES INC,Materials
FSUN,FIRSTSUN CAPITAL BANCORP,Financials
ALNT,ALLIENT INC,Industrials
SWBI,SMITH WESSON BRANDS INC,Consumer Discretionary
MATW,MATTHEWS INTERNATIONAL CORP CLASS,Consumer Discretionary
ILPT,INDUSTRIAL LOGISTICS PROPERTIES TR,Real Estate
COTY,COTY INC CLASS A,Consumer Staples
PKE,PARK AEROSPACE CORP,Industrials
CNA,CNA FINANCIAL CORP,Financials
TRUP,TRUPANION INC,Financials
AHCO,ADAPTHEALTH CORP,Health Care
AGL,AGILON HEALTH,Health Care
ADAM,ADAMAS INC TRUST,Financials
DRVN,DRIVEN BRANDS HOLDINGS INC,Consumer Discretionary
CEVA,CEVA INC,Information Technology
LCID,LUCID GROUP INC,Consumer Discretionary
RUSHB,RUSH ENTERPRISES INC CLASS B,Industrials
AVBP,ARRIVENT BIOPHARMA INC,Health Care
PRSU,PURSUIT ATTRACTIONS AND HOSPITALIT,Consumer Discretionary
EIG,EMPLOYERS HOLDINGS INC,Financials
GRDN,GUARDIAN PHARMACY SERVICES INC CLA,Health Care
SAFE,SAFEHOLD INC,Real Estate
MCB,METROPOLITAN BANK HOLDING CORP,Financials
LYTS,LSI INDUSTRIES INC,Industrials
WVE,WAVE LIFE SCIENCES LTD,Health Care
TCBX,THIRD COAST BANCSHARES INC,Financials
MRTN,MARTEN TRANSPORT LTD,Industrials
USPH,US PHYSICAL THERAPY INC,Health Care
BHVN,BIOHAVEN LTD,Health Care
GOLD,GOLD INC,Consumer Discretionary
LZ,LEGALZOOM COM INC,Industrials
CDRE,CADRE HOLDINGS INC,Industrials
HTZ,HERTZ GLOBAL HLDGS INC,Industrials
BETA,BETA TECHNOLOGIES INC CLASS A,Industrials
SHEN,SHENANDOAH TELECOMMUNICATIONS,Communication
EFOR,EVERFORTH INC,Information Technology
OIS,OIL STATES INTERNATIONAL INC,Energy
ABUS,ARBUTUS BIOPHARMA CORP,Health Care
CCBG,CAPITAL CITY BANK INC,Financials
ZVRA,ZEVRA THERAPEUTICS INC,Health Care
EVLV,EVOLV TECHNOLOGIES HOLDINGS INC CL,Information Technology
BFLY,BUTTERFLY NETWORK INC CLASS A,Health Care
HROW,HARROW INC,Health Care
SXC,SUNCOKE ENERGY INC,Materials
RIGL,RIGEL PHARMACEUTICALS INC,Health Care
HTFL,HEARTFLOW INC,Health Care
BLFS,BIOLIFE SOLUTIONS INC,Health Care
STGW,STAGWELL INC CLASS A,Communication
GO,GROCERY OUTLET HOLDING CORP,Consumer Staples
AMAL,AMALGAMATED FINANCIAL CORP,Financials
NBBK,NB BANCORP INC,Financials
KFRC,KFORCE INC,Industrials
SDGR,SCHRODINGER INC,Health Care
NAVI,NAVIENT CORP,Financials
BBSI,BARRETT BUSINESS SERVICES INC,Industrials
ESPR,ESPERION THERAPEUTICS INC,Health Care
PGC,PEAPACK GLADSTONE FINANCIAL CORP,Financials
FBRT,FRANKLIN BSP REALTY TRUST INC,Financials
DC,DAKOTA GOLD CORP,Materials
EHAB,ENHABIT INC,Health Care
TRNS,TRANSCAT INC,Industrials
HYLN,HYLIION HOLDINGS CORP,Industrials
TDAY,USA TODAY INC,Communication
HNRG,HALLADOR ENERGY,Utilities
HRTG,HERITAGE INSURANCE HOLDINGS INC,Financials
JANX,JANUX THERAPEUTICS INC,Health Care
BCAX,BICARA THERAPEUTICS INC,Health Care
NB,NIOCORP DEVELOPMENTS LTD,Materials
SMP,STANDARD MOTOR PRODUCTS INC,Consumer Discretionary
CARS,CARS.COM INC,Communication
EGBN,EAGLE BANCORP INC,Financials
SIBN,SI BONE INC,Health Care
LIF,LIFE360 INC,Information Technology
AMPH,AMPHASTAR PHARMACEUTICALS INC,Health Care
CPS,COOPER STANDARD HOLDINGS INC,Consumer Discretionary
APPN,APPIAN CORP CLASS A,Information Technology
OMDA,OMADA HEALTH INC,Health Care
CCB,COASTAL FINANCIAL CORP,Financials
GLRE,GREENLIGHT CAPITAL LTD CLASS A,Financials
INGM,INGRAM MICRO HOLDING CORP,Information Technology
SNCY,SUN COUNTRY AIRLINES HOLDINGS INC,Industrials
FLOC,FLOWCO HOLDINGS INC CLASS A,Energy
JBI,JANUS INTERNATIONAL GROUP INC,Industrials
BLMN,BLOOMIN BRANDS INC,Consumer Discretionary
BCML,BAYCOM CORP,Financials
PFBC,PREFERRED BANK,Financials
SAIL,SAILPOINT INC,Information Technology
PFIS,PEOPLES FINANCIAL SERVICES CORP,Financials
HBNC,HORIZON BANCORP INC,Financials
VIR,VIR BIOTECHNOLOGY INC,Health Care
CNXN,PC CONNECTION INC,Information Technology
FWRG,FIRST WATCH RESTAURANT GROUP INC,Consumer Discretionary
NAVN,NAVAN INC CLASS A,Consumer Discretionary
ABSI,ABSCI CORP,Health Care
FCBC,FIRST COMMUNITY BANKSHARES INC,Financials
XNCR,XENCOR INC,Health Care
LMB,LIMBACH HOLDINGS INC,Industrials
RRBI,RED RIVER BANCSHARES INC,Financials
OXM,OXFORD INDUSTRIES INC,Consumer Discretionary
SION,SIONNA THERAPEUTICS INC,Health Care
QDEL,QUIDELORTHO CORP,Health Care
THFF,FIRST FINANCIAL CORPORATION CORP,Financials
HZO,MARINEMAX INC,Consumer Discretionary
FBIZ,FIRST BUSINESS FINANCIAL SERVICES,Financials
NXRT,NEXPOINT RESIDENTIAL TRUST INC,Real Estate
UNTY,UNITY BANCORP INC,Financials
HBCP,HOME BANCORP INC,Financials
AKTS,AKTIS ONCOLOGY INC,Health Care
CCOI,COGENT COMMUNICATIONS HOLDINGS INC,Communication
FOXF,FOX FACTORY HOLDING CORP,Consumer Discretionary
MTUS,METALLUS INC,Materials
GDOT,GREEN DOT CORP CLASS A,Financials
PAYS,PAYSIGN INC,Financials
ATEX,ANTERIX INC,Communication
BBUC,BROOKFIELD BUSINESS CORP CLASS A,Industrials
EQBK,EQUITY BANCSHARES INC CLASS A,Financials
PD,PAGERDUTY INC,Information Technology
AZTA,AZENTA INC,Health Care
MPB,MID PENN BANCORP INC,Financials
FOR,FORESTAR GROUP INC,Real Estate
NPCE,NEUROPACE INC,Health Care
GSBC,GREAT SOUTHERN BANCORP INC,Financials
NNE,NANO NUCLEAR ENERGY INC,Industrials
EE,EXCELERATE ENERGY INC CLASS A,Energy
ASIX,ADVANSIX INC,Materials
OBT,ORANGE COUNTY BANCORP INC,Financials
AROW,ARROW FINANCIAL CORP,Financials
SLDB,SOLID BIOSCIENCES INC,Health Care
CAC,CAMDEN NATIONAL CORP,Financials
BFST,BUSINESS FIRST BANCSHARES INC,Financials
RUM,RUMBLE INC CLASS A,Communication
MMI,MARCUS & MILLICHAP INC,Real Estate
METC,RAMACO RESOURCES INC CLASS A,Materials
KALV,KALVISTA PHARMACEUTICALS INC,Health Care
AMTB,AMERANT BANCORP INC CLASS A,Financials
UTL,UNITIL CORP,Utilities
BV,BRIGHTVIEW HOLDINGS INC,Industrials
NFBK,NORTHFIELD BANCORP INC,Financials
BKV,BKV CORP,Energy
SMBC,SOUTHERN MISSOURI BANCORP INC,Financials
EGY,VAALCO ENERGY INC,Energy
WGS,GENEDX HOLDINGS CORP CLASS A,Health Care
BATRA,ATLANTA BRAVES HOLDINGS INC SERIES,Communication
RVLV,REVOLVE GROUP CLASS A INC,Consumer Discretionary
CTOS,CUSTOM TRUCK ONE SOURCE INC,Industrials
BTBT,BIT DIGITAL INC,Information Technology
MGTX,MEIRAGTX HOLDINGS PLC,Health Care
AMWD,AMERICAN WOODMARK CORP,Industrials
SEPN,SEPTERNA INC,Health Care
NECB,NORTHEAST COMMUNITY BANCORP INC,Financials
CBRL,CRACKER BARREL OLD COUNTRY STORE I,Consumer Discretionary
FET,FORUM ENERGY TECHNOLOGIES INC,Energy
CSV,CARRIAGE SERVICES INC,Consumer Discretionary
CRMD,CORMEDIX INC,Health Care
TH,TARGET HOSPITALITY CORP,Consumer Discretionary
ACNB,ACNB CORP,Financials
BIOA,BIOAGE LABS INC,Health Care
TCMD,TACTILE SYSTEMS TECHNOLOGY INC,Health Care
MAMA,MAMAS CREATIONS INC,Consumer Staples
HIPO,HIPPO HOLDINGS INC,Financials
RWT,REDWOOD TRUST REIT INC,Financials
CLBK,COLUMBIA FINANCIAL INC,Financials
MSBI,MIDLAND STATES BANCORP INC,Financials
DRUG,BRIGHT MINDS BIOSCIENCES INC,Health Care
BCAL,CALIFORNIA BANCORP,Financials
IBCP,INDEPENDENT BANK CORP,Financials
CWBC,COMMUNITY WEST BANCSHARES,Financials
SBGI,SINCLAIR INC CLASS A,Communication
AEVA,AEVA TECHNOLOGIES INC,Information Technology
HPP,HUDSON PACIFIC PROPERTIES REIT INC,Real Estate
FULC,FULCRUM THERAPEUTICS INC,Health Care
SG,SWEETGREEN INC CLASS A,Consumer Discretionary
COFS,CHOICEONE FINANCIAL SERVICES INC,Financials
PAX,PATRIA INVESTMENTS LTD CLASS A,Financials
CCSI,CONSENSUS CLOUD SOLUTIONS INC,Information Technology
CLB,CORE LABORATORIES INC,Energy
SFST,SOUTHERN FIRST BANCSHARES INC,Financials
BHB,BAR HARBOR BANKSHARES,Financials
RGR,STURM RUGER INC,Consumer Discretionary
TRC,TEJON RANCH,Real Estate
ADCT,ADC THERAPEUTICS SA,Health Care
AMBP,ARDAGH METAL PACKAGING SA,Materials
KURA,KURA ONCOLOGY INC,Health Care
HSTM,HEALTHSTREAM INC,Health Care
FISI,FINANCIAL INSTITUTIONS INC,Financials
HOV,HOVNANIAN ENTERPRISES INC CLASS A,Consumer Discretionary
FSBC,FIVE STAR BANCORP,Financials
CASS,CASS INFORMATION SYSTEMS INC,Financials
SANA,SANA BIOTECHNOLOGY INC,Health Care
SERV,SERVE ROBOTICS INC,Consumer Discretionary
CCRN,CROSS COUNTRY HEALTHCARE INC,Health Care
RYAM,RAYONIER ADVANCED MATERIALS INC,Materials
INN,SUMMIT HOTEL PROPERTIES REIT INC,Real Estate
MITK,MITEK SYSTEMS INC,Information Technology
BVS,BIOVENTUS CLASS A INC,Health Care
BBW,BUILD A BEAR WORKSHOP INC,Consumer Discretionary
TECX,TECTONIC THERAPEUTIC INC,Health Care
MAZE,MAZE THERAPEUTICS INC,Health Care
CCNE,CNB FINANCIAL CORP,Financials
CXM,SPRINKLR INC CLASS A,Information Technology
PGY,PAGAYA TECHNOLOGIES LTD CLASS A,Information Technology
KE,KIMBALL ELECTRONICS INC,Information Technology
BWB,BRIDGEWATER BANCSHARES INC,Financials
IRWD,IRONWOOD PHARMA INC CLASS A,Health Care
ALRS,ALERUS FINANCIAL CORP,Financials
SD,SANDRIDGE ENERGY INC,Energy
JBSS,JOHN B SANFILIPPO AND SON INC,Consumer Staples
LOCO,EL POLLO LOCO INC,Consumer Discretionary
NBN,NORTHEAST BANK,Financials
BDN,BRANDYWINE REALTY TRUST REIT,Real Estate
ACEL,ACCEL ENTERTAINMENT INC CLASS A,Consumer Discretionary
HTLD,HEARTLAND EXPRESS INC,Industrials
EVER,EVERQUOTE INC CLASS A,Communication
SABR,SABRE CORP,Consumer Discretionary
WRLD,WORLD ACCEPTANCE CORP,Financials
IHRT,IHEARTMEDIA INC CLASS A,Communication
CIVB,CIVISTA BANCSHARES INC,Financials
AMSF,AMERISAFE INC,Financials
INDI,INDIE SEMICONDUCTOR INC CLASS A,Information Technology
ORIC,ORIC PHARMACEUTICALS INC,Health Care
RES,RPC INC,Energy
ARKO,ARKO,Consumer Discretionary
VSTM,VERASTEM INC,Health Care
CLFD,CLEARFIELD INC,Information Technology
IMXI,INTERNATIONAL MONEY EXPRESS INC,Financials
FIP,FTAI INFRASTRUCTURE INC,Industrials
CBLL,CERIBELL INC,Health Care
WTI,W AND T OFFSHORE INC,Energy
ACTG,ACACIA RESEARCH CORP,Financials
MLR,MILLER INDUSTRIES INC,Industrials
MCW,MISTER CAR WASH INC,Consumer Discretionary
NGNE,NEUROGENE INC,Health Care
MVBF,MVB FINANCIAL CORP,Financials
QNST,QUINSTREET INC,Communication
HELE,HELEN OF TROY LTD,Consumer Discretionary
ARVN,ARVINAS INC,Health Care
MBUU,MALIBU BOATS CLASS A INC,Consumer Discretionary
NUTX,NUTEX HEALTH INC,Health Care
PRAA,PRA GROUP INC,Financials
IBTA,IBOTTA INC CLASS A,Communication
GCMG,GCM GROSVENOR INC CLASS A,Financials
CWCO,CONSOLIDATED WATER LTD,Utilities
PAR,PAR TECHNOLOGY CORP,Information Technology
FRBA,FIRST BANK,Financials
DSGN,DESIGN THERAPEUTICS INC,Health Care
HBT,HBT FINANCIAL INC,Financials
SPRY,ARS PHARMACEUTICALS INC,Health Care
ONT,ONTERRIS INC,Industrials
TREE,LENDINGTREE INC,Financials
PANL,PANGAEA LOGISTICS SOLUTIONS LTD,Industrials
MLAB,MESA LABORATORIES INC,Health Care
CERT,CERTARA INC,Health Care
LBRDA,LIBERTY BROADBAND CORP SERIES A,Communication
AQST,AQUESTIVE THERAPEUTICS INC,Health Care
KMTS,KESTRA MEDICAL TECHNOLOGIES LTD,Health Care
SPFI,SOUTH PLAINS FINANCIAL INC,Financials
VEL,VELOCITY FINANCIAL INC,Financials
FRST,PRIMIS FINANCIAL CORP,Financials
CTO,CTO REALTY GROWTH INC,Real Estate
CYRX,CRYOPORT INC,Health Care
OOMA,OOMA INC,Information Technology
MNRO,MONRO INC,Consumer Discretionary
PAHC,PHIBRO ANIMAL HEALTH CORP CLASS A,Health Care
AVAH,AVEANNA HEALTHCARE HOLDINGS INC,Health Care
IPI,INTREPID POTASH INC,Materials
EBF,ENNIS INC,Industrials
IIIN,INSTEEL INDUSTRIES INC,Industrials
WTBA,WEST BANCORPORATION INC,Financials
OSPN,ONESPAN INC,Information Technology
FSBW,FS BANCORP INC,Financials
CLPT,CLEARPOINT NEURO INC,Health Care
ABAT,AMERICAN BATTERY TECHNOLOGY COMPAN,Materials
FDMT,4D MOLECULAR THERAPEUTICS INC,Health Care
DIN,DINE BRANDS GLOBAL INC,Consumer Discretionary
ASPI,ASP ISOTOPES INC,Materials
MCFT,MASTERCRAFT BOAT HOLDINGS INC,Consumer Discretionary
MRVI,MARAVAI LIFESCIENCES HOLDINGS INC,Health Care
SHBI,SHORE BANCSHARES INC,Financials
AVO,MISSION PRODUCE INC,Consumer Staples
FFIC,FLUSHING FINANCIAL CORP,Financials
SRTA,STRATA CRITICAL MEDICAL INC CLASS,Health Care
CLDT,CHATHAM LODGING TRUST REIT,Real Estate
ACIC,AMERICAN COASTAL INSURANCE CORP,Financials
NIQ,NIQ GLOBAL INTELLIGENCE PLC,Communication
GEVO,GEVO INC,Energy
ONIT,ONITY GROUP INC,Financials
MEI,METHODE ELECTRONICS INC,Information Technology
ZUMZ,ZUMIEZ INC,Consumer Discretionary
ANNX,ANNEXON INC,Health Care
TRTX,TPG RE FINANCE TRUST INC,Financials
KRNY,KEARNY FINANCIAL CORP,Financials
ERII,ENERGY RECOVERY INC,Industrials
TDUP,THREDUP INC CLASS A,Consumer Discretionary
MCS,THE MARCUS CORP,Communication
PSIX,POWER SOLUTIONS INTERNATIONAL INC,Industrials
JMSB,JOHN MARSHALL BANCORP INC,Financials
GOOD,GLADSTONE COMMERCIAL REIT CORP,Real Estate
REPL,REPLIMUNE GROUP INC,Health Care
EVH,EVOLENT HEALTH INC CLASS A,Health Care
AMC,AMC ENTERTAINMENT HOLDINGS INC CLA,Communication
REPX,RILEY EXPLORATION PERMIAN INC,Energy
MATV,MATIV HOLDINGS INC,Materials
CZNC,CITIZENS AND NORTHERN CORP,Financials
BOW,BOWHEAD SPECIALTY HOLDINGS INC,Financials
GRPN,GROUPON INC,Consumer Discretionary
MDXG,MIMEDX GROUP INC,Health Care
CAL,CALERES INC,Consumer Discretionary
MOV,MOVADO GROUP INC,Consumer Discretionary
EBS,EMERGENT BIOSOLUTIONS INC,Health Care
DGICA,DONEGAL GROUP INC CLASS A,Financials
CYH,COMMUNITY HEALTH SYSTEMS INC,Health Care
RM,REGIONAL MANAGEMENT CORP,Financials
SLDP,SOLID POWER INC CLASS A,Consumer Discretionary
OEC,ORION SA,Materials
IIIV,I3 VERTICALS INC CLASS A,Information Technology
FMAO,FARMERS AND MERCHANTS BANCORP INC,Financials
ROOT,ROOT INC CLASS A,Financials
MTW,MANITOWOC INC,Industrials
PHR,PHREESIA INC,Health Care
PHAT,PHATHOM PHARMACEUTICALS INC,Health Care
UHAL,U HAUL HOLDING,Industrials
BMRC,BANK OF MARIN BANCORP,Financials
VTS,VITESSE ENERGY INC,Energy
OPK,OPKO HEALTH INC,Health Care
LXFR,LUXFER HOLDINGS PLC,Industrials
ASAN,ASANA INC CLASS A,Information Technology
WASH,WASHINGTON TRUST BANCORP INC,Financials
ETD,ETHAN ALLEN INTERIORS INC,Consumer Discretionary
TITN,TITAN MACHINERY INC,Industrials
GIC,GLOBAL INDUSTRIAL,Industrials
PACK,RANPAK HOLDINGS CORP CLASS A,Materials
RDVT,RED VIOLET INC,Information Technology
RBB,RBB BANCORP,Financials
DBI,DESIGNER BRANDS INC CLASS A,Consumer Discretionary
EVCM,EVERCOMMERCE INC,Information Technology
VMD,VIEMED HEALTHCARE INC,Health Care
OFIX,ORTHOFIX MEDICAL INC,Health Care
CVGW,CALAVO GROWERS INC,Consumer Staples
GRNT,GRANITE RIDGE RESOURCES INC,Energy
BXC,BLUELINX HOLDINGS INC,Industrials
CMCL,CALEDONIA MINING PLC,Materials
DSGR,DISTRIBUTION SOLUTIONS GROUP INC,Industrials
UTZ,UTZ BRANDS INC CLASS A,Consumer Staples
BFS,SAUL CENTERS REIT INC,Real Estate
LXEO,LEXEO THERAPEUTICS INC,Health Care
BWMN,BOWMAN CONSULTING GROUP LTD,Industrials
CRNC,CERENCE INC,Information Technology
FPI,FARMLAND PARTNERS INC,Real Estate
OLP,ONE LIBERTY PROPERTIES REIT INC,Real Estate
PUBM,PUBMATIC INC CLASS A,Communication
ACCO,ACCO BRANDS CORP,Industrials
AIOT,POWERFLEET INC,Information Technology
BBNX,BETA BIONICS INC,Health Care
DFH,DREAM FINDERS HOMES INC CLASS A,Consumer Discretionary
CTKB,CYTEK BIOSCIENCES INC,Health Care
UWMC,UWM HOLDINGS CORP CLASS A,Financials
AMPL,AMPLITUDE INC CLASS A,Information Technology
KREF,KKR REAL ESTATE FINANCE INC TRUST,Financials
PRTA,PROTHENA PLC,Health Care
GCO,GENESCO INC,Consumer Discretionary
XPER,XPERI INC,Information Technology
LMNR,LIMONEIRA,Consumer Staples
KELYA,KELLY SERVICES INC CLASS A,Industrials
VREX,VAREX IMAGING CORP,Health Care
CENT,CENTRAL GARDEN AND PET,Consumer Staples
CMCO,COLUMBUS MCKINNON CORP,Industrials
DDD,3D SYSTEMS CORP,Industrials
CWH,CAMPING WORLD HOLDINGS INC CLASS A,Consumer Discretionary
NGVC,NATURAL GROCERS BY VITAMIN COTTAGE,Consumer Staples
AEBI,AEBI SCHMIDT HOLDING AG,Industrials
CMT,CORE MOLDING TECHNOLOGIES INC,Materials
SB,SAFE BULKERS INC,Industrials
CERS,CERUS CORP,Health Care
HY,HYSTER YALE INC CLASS A,Industrials
CSTL,CASTLE BIOSCIENCES INC,Health Care
YORW,YORK WATER,Utilities
SSTK,SHUTTERSTOCK INC,Communication
CHCT,COMMUNITY HEALTHCARE TRUST INC,Real Estate
PLAY,DAVE AND BUSTERS ENTERTAINMENT INC,Consumer Discretionary
GRND,GRINDR INC,Communication
AHRT,AH REALTY INC,Real Estate
VNDA,VANDA PHARMACEUTICALS INC,Health Care
INBK,FIRST INTERNET BANCORP,Financials
TBCH,TURTLE BEACH CORP,Information Technology
RGNX,REGENXBIO INC,Health Care
APPS,DIGITAL TURBINE INC,Information Technology
FC,FRANKLIN COVEY,Industrials
RPD,RAPID7 INC,Information Technology
HVT,HAVERTY FURNITURE COMPANIES INC,Consumer Discretionary
MBI,MBIA INC,Financials
PRTH,PRIORITY TECHNOLOGY HOLDINGS INC,Financials
PLTK,PLAYTIKA HOLDING CORP,Communication
ALIT,ALIGHT INC CLASS A,Industrials
ZBIO,ZENAS BIOPHARMA INC,Health Care
SCVL,SHOE CARNIVAL INC,Consumer Discretionary
ANIK,ANIKA THERAPEUTICS INC,Health Care
BLND,BLEND LABS INC CLASS A,Information Technology
RMNI,RIMINI STREET INC,Information Technology
GTN,GRAY MEDIA INC,Communication
YEXT,YEXT INC,Information Technology
PSTL,POSTAL REALTY TRUST INC CLASS A,Real Estate
CZFS,CITIZENS FINANCIAL SERVICES INC,Financials
UPB,UPSTREAM BIO INC,Health Care
LAND,GLADSTONE LAND REIT CORP,Real Estate
ASPN,ASPEN AEROGELS INC,Materials
NEWT,NEWTEKONE INC,Financials
CLNE,CLEAN ENERGY FUELS CORP,Energy
PACB,PACIFIC BIOSCIENCES OF CALIFORNIA,Health Care
WNC,WABASH NATIONAL CORP,Industrials
SPT,SPROUT SOCIAL INC CLASS A,Information Technology
AVIR,ATEA PHARMACEUTICALS INC,Health Care
BETR,BETTER HOME FINANCE HOLDING CLASS,Financials
KROS,KEROS THERAPEUTICS INC,Health Care
SPOK,SPOK HOLDINGS INC,Communication
ORGO,ORGANOGENESIS HOLDINGS INC CLASS A,Health Care
FLGT,FULGENT GENETICS INC,Health Care
WEST,WESTROCK COFFEE,Consumer Staples
ZIP,ZIPRECRUITER INC CLASS A,Communication
TWI,TITAN INTERNATIONAL INC,Industrials
REFI,CHICAGO ATLANTIC REAL ESTATE FINAN,Financials
XRX,XEROX HOLDINGS CORP,Information Technology
MYGN,MYRIAD GENETICS INC,Health Care
AGNT,EXP WORLD HOLDINGS INC,Real Estate
DSP,VIANT TECHNOLOGY INC CLASS A,Information Technology
RPC,RIDGEPOST CAPITAL INC CLASS A,Financials
SFIX,STITCH FIX INC CLASS A,Consumer Discretionary
NXDR,NEXTDOOR HOLDINGS INC CLASS A,Communication
ATNI,ATN INTERNATIONAL INC,Communication
LAB,STANDARD BIOTOOLS INC,Health Care
BSRR,SIERRA BANCORP,Financials
ARHS,ARHAUS INC CLASS A,Consumer Discretionary
MVST,MICROVAST HOLDINGS INC,Industrials
XRN,CHIRON REAL ESTATE INC,Real Estate
RMR,RMR GROUP INC CLASS A,Real Estate
EOLS,EVOLUS INC,Health Care
NAGE,NIAGEN BIOSCIENCE INC,Consumer Staples
BMBL,BUMBLE INC CLASS A,Communication
CRSR,CORSAIR GAMING INC,Information Technology
KRUS,KURA SUSHI USA INC,Consumer Discretionary
CABO,CABLE ONE INC,Communication
OSG,OCTAVE SPECIALTY GROUP INC,Financials
DNUT,KRISPY KREME INC,Consumer Discretionary
BGS,B AND G FOODS INC,Consumer Staples
NUS,NU SKIN ENTERPRISES INC CLASS A,Consumer Staples
JAKK,JAKKS PACIFIC INC,Consumer Discretionary
ARCT,ARCTURUS THERAPEUTICS HOLDINGS INC,Health Care
PSFE,PAYSAFE LTD,Financials
NCMI,NATIONAL CINEMEDIA INC,Communication
VITL,VITAL FARMS INC,Consumer Staples
FUBO,FUBOTV INC CLASS A,Communication
AURA,AURA BIOSCIENCES INC,Health Care
MGPI,MGP INGREDIENTS INC,Consumer Staples
POWW,OUTDOOR HOLDING,Consumer Discretionary
OLPX,OLAPLEX HOLDINGS INC,Consumer Staples
IVR,INVESCO MORTGAGE CAPITAL REIT INC,Financials
GDYN,GRID DYNAMICS HOLDINGS INC CLASS A,Information Technology
SVC,SERVICE PROPERTIES TRUST,Real Estate
RICK,RCI HOSPITALITY HOLDINGS INC,Consumer Discretionary
EGHT,8X8 INC,Information Technology
RPAY,REPAY HOLDINGS CORP CLASS A,Financials
ALT,ALTIMMUNE INC,Health Care
EU,ENCORE ENERGY CORP,Energy
LRMR,LARIMAR THERAPEUTICS INC,Health Care
OPTU,OPTIMUM COMMUNICATIONS INC CLASS A,Communication
JACK,JACK IN THE BOX INC,Consumer Discretionary
WEAV,WEAVE COMMUNICATIONS INC,Information Technology
STRZ,STARZ ENTERTAINMENT CORP,Communication
RCKT,ROCKET PHARMACEUTICALS INC,Health Care
ENTA,ENANTA PHARMACEUTICALS INC,Health Care
FWRD,FORWARD AIR CORP,Industrials
AMCX,AMC GLOBAL MEDIA INC CLASS A,Communication
SITC,SITE CENTERS CORP,Real Estate
CMPX,COMPASS THERAPEUTICS,Health Care
RC,READY CAPITAL CORP,Financials
OSUR,ORASURE TECHNOLOGIES INC,Health Care
NABL,N ABLE INC,Information Technology
USNA,USANA HEALTH SCIENCES INC,Consumer Staples
MAX,MEDIAALPHA INC CLASS A,Communication
RBBN,RIBBON COMMUNICATIONS INC,Information Technology
CLW,CLEARWATER PAPER CORP,Materials
ACH,ACCENDRA HEALTH INC,Health Care
ACDC,PROFRAC HOLDING CLASS A CORP,Energy
JOUT,JOHNSON OUTDOORS INC CLASS A,Consumer Discretionary
EPM,EVOLUTION PETROLEUM CORP,Energy
CNDT,CONDUENT INC,Industrials
AVXL,ANAVEX LIFE SCIENCES CORP,Health Care
CLMB,CLIMB GLOBAL SOLUTIONS INC,Information Technology
MASS,908 DEVICES INC,Information Technology
WOOF,PETCO HEALTH AND WELLNESS COMPANY,Consumer Discretionary
CATX,PERSPECTIVE THERAPEUTICS INC,Health Care
SLP,SIMULATIONS PLUS INC,Health Care
SEG,SEAPORT ENTERTAINMENT GROUP INC,Real Estate
BHR,BRAEMAR HOTELS RESORTS INC,Real Estate
ALLO,ALLOGENE THERAPEUTICS INC,Health Care
LOVE,LOVESAC COMPANY,Consumer Discretionary
TBI,TRUEBLUE INC,Industrials
TRDA,ENTRADA THERAPEUTICS INC,Health Care
BBBY,BED BATH AND BEYOND INC,Consumer Discretionary
GNE,GENIE ENERGY LTD CLASS B,Utilities
CMRC,BIGCOMMERCE HOLDINGS INC SERIES,Information Technology
BCBP,BCB BANCORP INC,Financials
BOC,BOSTON OMAHA CORP CLASS A,Communication
HDSN,HUDSON TECHNOLOGIES INC,Industrials
DMRC,DIGIMARC CORP,Information Technology
UIS,UNISYS CORP,Information Technology
ACRE,ARES COMMERCIAL REAL ESTATE REIT C,Financials
AKBA,AKEBIA THERAPEUTICS INC,Health Care
ADV,ADVANTAGE SOLUTIONS INC CLASS A,Communication
HNST,THE HONEST COMPANY INC,Consumer Staples
EDIT,EDITAS MEDICINE INC,Health Care
AVNW,AVIAT NETWORKS INC,Information Technology
KIDS,ORTHOPEDIATRICS CORP,Health Care
SVV,SAVERS VALUE VILLAGE INC,Consumer Discretionary
CMTG,CLAROS MORTGAGE TRUST INC,Financials
CRCT,CRICUT INC CLASS A,Consumer Discretionary
LPRO,OPEN LENDING CORP,Financials
SLQT,SELECTQUOTE INC,Financials
RMAX,RE MAX HOLDINGS INC CLASS A,Real Estate
INR,INFINITY NATURAL RESOURCES INC CLA,Energy
EMBC,EMBECTA CORP,Health Care
BOOM,DMC GLOBAL INC,Energy
SSP,EW SCRIPPS CLASS A,Communication
ASLE,AERSALE CORP,Industrials
INSE,INSPIRED ENTERTAINMENT INC,Consumer Discretionary
CBAN,COLONY BANKCORP INC,Financials
FLWS,1-800 FLOWERS.COM INC CLASS A,Consumer Discretionary
NRDS,NERDWALLET INC CLASS A,Financials
ULCC,FRONTIER GROUP HOLDINGS INC,Industrials
RGP,RESOURCES CONNECTION INC,Industrials
NFE,NEW FORTRESS ENERGY INC CLASS A,Energy
FATE,FATE THERAPEUTICS INC,Health Care
ULH,UNIVERSAL LOGISTICS HOLDINGS INC,Industrials
REAX,REAL BROKERAGE INC,Real Estate
CDXS,CODEXIS INC,Health Care
PTLO,PORTILLO S INC CLASS A,Consumer Discretionary
RNA,ATRIUM THERAPEUTICS INC,Health Care
MED,MEDIFAST INC,Consumer Staples
EVGO,EVGO INC CLASS A,Consumer Discretionary
FNKO,FUNKO INC CLASS A,Consumer Discretionary
OABI,OMNIAB INC,Health Care
KLC,KINDERCARE LEARNING COMPANIES INC,Consumer Discretionary
QTRX,QUANTERIX CORP,Health Care
KRRO,KORRO BIO INC,Health Care
VYGR,VOYAGER THERAPEUTICS INC,Health Care
JRVR,JAMES RIVER GROUP HOLDINGS INC,Financials
PRME,PRIME MEDICINE INC,Health Care
LAW,CS DISCO INC,Information Technology
MVIS,MICROVISION INC,Information Technology
INGN,INOGEN INC,Health Care
IMMR,IMMERSION CORP,Information Technology
QSI,QUANTUM SI INC CLASS A,Health Care
JELD,JELD WEN HOLDING INC,Industrials
RCEL,AVITA MEDICAL INC,Health Care
GETY,GETTY IMAGES HOLDINGS INC CLASS A,Communication
CHRS,COHERUS ONCOLOGY INC,Health Care
MNTK,MONTAUK RENEWABLES INC,Utilities
BYRN,BYRNA TECHNOLOGIES INC,Industrials
ASUR,ASURE SOFTWARE INC,Industrials
NKTX,NKARTA INC,Health Care
CVRX,CVRX INC,Health Care
TMCI,TREACE MEDICAL CONCEPTS INC,Health Care
HUMA,HUMACYTE INC,Health Care
XPOF,XPONENTIAL FITNESS INC CLASS A,Consumer Discretionary
ALDX,ALDEYRA THERAPEUTICS INC,Health Care
MXCT,MAXCYTE INC,Health Care
OPRX,OPTIMIZERX CORP,Health Care
HRTX,HERON THERAPEUTICS INC,Health Care
GLIBA,GCI LIBERTY INC SERIES A,Communication
CRMT,AMERICAS CAR MART INC,Consumer Discretionary
DOMO,DOMO INC CLASS B,Information Technology
GOSS,GOSSAMER BIO INC,Health Care
SSTI,SOUNDTHINKING INC,Information Technology
DCGO,DOCGO INC,Health Care
SKIN,SKINHEALTH SYSTEMS INC CLASS A,Consumer Staples
HCAT,HEALTH CATALYST INC,Health Care
MYPS,PLAYSTUDIOS INC CLASS A,Communication
DH,DEFINITIVE HEALTHCARE CORP CLASS A,Health Care
SNBR,SLEEP NUMBER CORP,Consumer Discretionary
SEAT,VIVID SEATS INC CLASS A,Communication
TEAD,TEADS HOLDING,Communication
PBI,PITNEY BOWES INC,Industrials
